999
LibreDWG 0.14
  0
SECTION
  2
HEADER
  9
$ACADVER
  1
AC1027
  9
$ACADMAINTVER
 70
    55
  9
$DWGCODEPAGE
  3
ANSI_1252
  9
$LASTSAVEDBY
  1
DSN-05
  9
$REQUIREDVERSIONS
160
           0
  9
$INSBASE
 10
0.0
 20
0.0
 30
0.0
  9
$EXTMIN
 10
-2.781731701883427
 20
1.5668251248843
 30
0.0
  9
$EXTMAX
 10
12.15167603420823
 20
11.59367539505548
 30
0.0
  9
$LIMMIN
 10
0.0
 20
0.0
  9
$LIMMAX
 10
12.0
 20
9.0
  9
$ORTHOMODE
 70
     0
  9
$REGENMODE
 70
     1
  9
$FILLMODE
 70
     1
  9
$QTEXTMODE
 70
     0
  9
$MIRRTEXT
 70
     0
  9
$LTSCALE
 40
1.0
  9
$ATTMODE
 70
     1
  9
$TEXTSIZE
 40
0.2
  9
$TRACEWID
 40
0.05
  9
$TEXTSTYLE
  7
Standard
  9
$CLAYER
  8
0
  9
$CELTYPE
  6
ByLayer
  9
$CECOLOR
 62
     0
  9
$CELTSCALE
 40
1.0
  9
$DISPSILH
 70
     0
  9
$DIMSCALE
 40
1.0
  9
$DIMASZ
 40
0.18
  9
$DIMEXO
 40
0.0625
  9
$DIMDLI
 40
0.38
  9
$DIMRND
 40
0.0
  9
$DIMDLE
 40
0.0
  9
$DIMEXE
 40
0.18
  9
$DIMTP
 40
0.0
  9
$DIMTM
 40
0.0
  9
$DIMTXT
 40
0.18
  9
$DIMCEN
 40
0.09
  9
$DIMTSZ
 40
0.0
  9
$DIMTOL
 70
     0
  9
$DIMLIM
 70
     0
  9
$DIMTIH
 70
     1
  9
$DIMTOH
 70
     1
  9
$DIMSE1
 70
     0
  9
$DIMSE2
 70
     0
  9
$DIMTAD
 70
     0
  9
$DIMZIN
 70
     0
  9
$DIMBLK
  1

  9
$DIMASO
 70
     1
  9
$DIMSHO
 70
     1
  9
$DIMPOST
  1

  9
$DIMAPOST
  1

  9
$DIMALT
 70
     0
  9
$DIMALTD
 70
     2
  9
$DIMALTF
 40
25.4
  9
$DIMLFAC
 40
1.0
  9
$DIMTOFL
 70
     0
  9
$DIMTVP
 40
0.0
  9
$DIMTIX
 70
     0
  9
$DIMSOXD
 70
     0
  9
$DIMSAH
 70
     0
  9
$DIMBLK1
  1

  9
$DIMBLK2
  1

  9
$DIMSTYLE
  2
Standard
  9
$DIMCLRD
 70
     0
  9
$DIMCLRE
 70
     0
  9
$DIMCLRT
 70
     0
  9
$DIMTFAC
 40
1.0
  9
$DIMGAP
 40
0.09
  9
$DIMJUST
 70
     0
  9
$DIMSD1
 70
     0
  9
$DIMSD2
 70
     0
  9
$DIMTOLJ
 70
     1
  9
$DIMTZIN
 70
     0
  9
$DIMALTZ
 70
     0
  9
$DIMALTTZ
 70
     0
  9
$DIMUPT
 70
     0
  9
$DIMDEC
 70
     4
  9
$DIMTDEC
 70
     4
  9
$DIMALTU
 70
     2
  9
$DIMALTTD
 70
     2
  9
$DIMTXSTY
  7
Standard
  9
$DIMAUNIT
 70
     0
  9
$DIMADEC
 70
     0
  9
$DIMALTRND
 40
0.0
  9
$DIMAZIN
 70
     0
  9
$DIMDSEP
 70
    46
  9
$DIMATFIT
 70
     3
  9
$DIMFRAC
 70
     0
  9
$DIMLDRBLK
  1

  9
$DIMLUNIT
 70
     2
  9
$DIMLWD
 70
    -2
  9
$DIMLWE
 70
    -2
  9
$DIMTMOVE
 70
     0
  9
$DIMFXL
 40
1.0
  9
$DIMFXLON
 70
     0
  9
$DIMJOGANG
 40
0.7853981633974483
  9
$DIMTFILL
 70
     0
  9
$DIMTFILLCLR
 70
     0
  9
$DIMARCSYM
 70
     0
  9
$DIMLTYPE
  6

  9
$DIMLTEX1
  6

  9
$DIMLTEX2
  6

  9
$DIMTXTDIRECTION
 70
     0
  9
$LUNITS
 70
     2
  9
$LUPREC
 70
     4
  9
$AXISMODE
 70
     0
  9
$AXISUNIT
 10
0.0
 20
0.0
  9
$SKETCHINC
 40
0.1
  9
$FILLETRAD
 40
0.0
  9
$AUNITS
 70
     0
  9
$AUPREC
 70
     0
  9
$MENU
  1
.
  9
$ELEVATION
 40
0.0
  9
$PELEVATION
 40
0.0
  9
$THICKNESS
 40
0.0
  9
$LIMCHECK
 70
     0
  9
$CHAMFERA
 40
0.0
  9
$CHAMFERB
 40
0.0
  9
$CHAMFERC
 40
0.0
  9
$CHAMFERD
 40
0.0
  9
$SKPOLY
 70
     0
  9
$TDCREATE
 40
2461305.423148100
  9
$TDUCREATE
 40
2461305.225148100
  9
$TDUPDATE
 40
2461305.428868450
  9
$TDUUPDATE
 40
2461305.230868450
  9
$TDINDWG
 40
0.005720660
  9
$TDUSRTIMER
 40
0.005720500
  9
$USRTIMER
 70
     1
  9
$ANGBASE
 50
0.0
  9
$ANGDIR
 70
     0
  9
$PDMODE
 70
     0
  9
$PDSIZE
 40
0.0
  9
$PLINEWID
 40
0.0
  9
$SPLFRAME
 70
     0
  9
$SPLINETYPE
 70
     6
  9
$SPLINESEGS
 70
     8
  9
$HANDSEED
  5
335
  9
$SURFTAB1
 70
     6
  9
$SURFTAB2
 70
     6
  9
$SURFTYPE
 70
     6
  9
$SURFU
 70
     6
  9
$SURFV
 70
     6
  9
$UCSBASE
  2

  9
$UCSORG
 10
0.0
 20
0.0
 30
0.0
  9
$UCSXDIR
 10
1.0
 20
0.0
 30
0.0
  9
$UCSYDIR
 10
0.0
 20
1.0
 30
0.0
  9
$UCSORTHOREF
  2

  9
$UCSORTHOVIEW
 70
     0
  9
$UCSORGTOP
 10
0.0
 20
0.0
 30
0.0
  9
$UCSORGBOTTOM
 10
0.0
 20
0.0
 30
0.0
  9
$UCSORGLEFT
 10
0.0
 20
0.0
 30
0.0
  9
$UCSORGRIGHT
 10
0.0
 20
0.0
 30
0.0
  9
$UCSORGFRONT
 10
0.0
 20
0.0
 30
0.0
  9
$UCSORGBACK
 10
0.0
 20
0.0
 30
0.0
  9
$PUCSBASE
  2

  9
$PUCSORG
 10
0.0
 20
0.0
 30
0.0
  9
$PUCSXDIR
 10
1.0
 20
0.0
 30
0.0
  9
$PUCSYDIR
 10
0.0
 20
1.0
 30
0.0
  9
$PUCSORTHOREF
  2

  9
$PUCSORTHOVIEW
 70
     0
  9
$PUCSORGTOP
 10
0.0
 20
0.0
 30
0.0
  9
$PUCSORGBOTTOM
 10
0.0
 20
0.0
 30
0.0
  9
$PUCSORGLEFT
 10
0.0
 20
0.0
 30
0.0
  9
$PUCSORGRIGHT
 10
0.0
 20
0.0
 30
0.0
  9
$PUCSORGFRONT
 10
0.0
 20
0.0
 30
0.0
  9
$PUCSORGBACK
 10
0.0
 20
0.0
 30
0.0
  9
$USERI1
 70
     0
  9
$USERI2
 70
     0
  9
$USERI3
 70
     0
  9
$USERI4
 70
     0
  9
$USERI5
 70
     0
  9
$USERR1
 40
0.0
  9
$USERR2
 40
0.0
  9
$USERR3
 40
0.0
  9
$USERR4
 40
0.0
  9
$USERR5
 40
0.0
  9
$WORLDVIEW
 70
     1
  9
$SHADEDGE
 70
     3
  9
$SHADEDIF
 70
    70
  9
$TILEMODE
 70
     1
  9
$MAXACTVP
 70
    64
  9
$PINSBASE
 10
0.0
 20
0.0
 30
0.0
  9
$PLIMCHECK
 70
     0
  9
$PEXTMIN
 10
0.0
 20
0.0
 30
0.0
  9
$PEXTMAX
 10
0.0
 20
0.0
 30
0.0
  9
$PLIMMIN
 10
0.0
 20
0.0
  9
$PLIMMAX
 10
12.0
 20
9.0
  9
$UNITMODE
 70
     0
  9
$VISRETAIN
 70
     1
  9
$PLINEGEN
 70
     0
  9
$PSLTSCALE
 70
     1
  9
$TREEDEPTH
 70
  3020
  9
$CMLSTYLE
  2
S
  9
$CMLJUST
 70
     0
  9
$CMLSCALE
 40
1.0
  9
$PROXYGRAPHICS
 70
     1
  9
$MEASUREMENT
 70
     0
  9
$CELWEIGHT
370
    -1
  9
$ENDCAPS
280
     0
  9
$JOINSTYLE
280
     0
  9
$LWDISPLAY
290
     0
  9
$INSUNITS
 70
     1
  9
$HYPERLINKBASE
  1

  9
$STYLESHEET
  1

  9
$XEDIT
290
     1
  9
$CEPSNTYPE
380
     0
  9
$PSTYLEMODE
290
     1
  9
$FINGERPRINTGUID
  2
{28CE82C4-177F-48D2-90F4-94FC547B30C5}
  9
$VERSIONGUID
  2
{FB32F152-3CDF-4764-BCBD-5EB83A65FE22}
  9
$EXTNAMES
290
     1
  9
$PSVPSCALE
 40
0.0
  9
$OLESTARTUP
290
     0
  9
$SORTENTS
280
   127
  9
$INDEXCTL
280
     0
  9
$HIDETEXT
280
     1
  9
$XCLIPFRAME
280
     2
  9
$HALOGAP
280
     0
  9
$OBSCOLOR
 70
   257
  9
$OBSLTYPE
280
     0
  9
$INTERSECTIONDISPLAY
280
     0
  9
$INTERSECTIONCOLOR
 70
   257
  9
$DIMASSOC
280
     2
  9
$PROJECTNAME
  1

  9
$CAMERADISPLAY
290
     0
  9
$LENSLENGTH
 40
50.0
  9
$CAMERAHEIGHT
 40
0.0
  9
$STEPSPERSEC
 40
2.0
  9
$STEPSIZE
 40
6.0
  9
$3DDWFPREC
 40
2.0
  9
$PSOLWIDTH
 40
0.25
  9
$PSOLHEIGHT
 40
4.0
  9
$LOFTANG1
 40
1.570796326794897
  9
$LOFTANG2
 40
1.570796326794897
  9
$LOFTMAG1
 40
0.0
  9
$LOFTMAG2
 40
0.0
  9
$LOFTPARAM
 70
     7
  9
$LOFTNORMALS
280
     1
  9
$LATITUDE
 40
37.795
  9
$LONGITUDE
 40
-122.394
  9
$NORTHDIRECTION
 40
0.0
  9
$TIMEZONE
 70
 -8000
  9
$LIGHTGLYPHDISPLAY
280
     1
  9
$TILEMODELIGHTSYNCH
280
     1
  9
$CMATERIAL
347
136
  9
$SOLIDHIST
280
     1
  9
$SHOWHIST
280
     1
  9
$DWFFRAME
280
     2
  9
$DGNFRAME
280
     2
  9
$REALWORLDSCALE
290
     1
  9
$INTERFERECOLOR
 62
     0
  9
$CSHADOW
280
     0
  9
$SHADOWPLANELOCATION
 40
0.0
  0
ENDSEC
  0
SECTION
  2
CLASSES
  0
CLASS
  1
ACDBDICTIONARYWDFLT
  2
AcDbDictionaryWithDefault
  3
ObjectDBX Classes
 90
        0
 91
        1
280
     0
281
     0
  0
CLASS
  1
DICTIONARYVAR
  2
AcDbDictionaryVar
  3
ObjectDBX Classes
 90
        0
 91
        8
280
     0
281
     0
  0
CLASS
  1
TABLESTYLE
  2
AcDbTableStyle
  3
ObjectDBX Classes
 90
     4095
 91
        2
280
     0
281
     0
  0
CLASS
  1
WIPEOUTVARIABLES
  2
AcDbWipeoutVariables
  3
"WipeOut|Product Desc:     WipeOut Dbx Application|Company:          Autodesk, Inc.|WEB Address:      www.autodesk.com"
 90
        0
 91
        0
280
     0
281
     0
  0
CLASS
  1
SCALE
  2
AcDbScale
  3
ObjectDBX Classes
 90
     1153
 91
       33
280
     0
281
     0
  0
CLASS
  1
MLEADERSTYLE
  2
AcDbMLeaderStyle
  3
ACDB_MLEADERSTYLE_CLASS
 90
     4095
 91
        3
280
     0
281
     0
  0
CLASS
  1
CELLSTYLEMAP
  2
AcDbCellStyleMap
  3
ObjectDBX Classes
 90
     1152
 91
        0
280
     0
281
     0
  0
CLASS
  1
MATERIAL
  2
AcDbMaterial
  3
ObjectDBX Classes
 90
     1153
 91
        6
280
     0
281
     0
  0
CLASS
  1
VISUALSTYLE
  2
AcDbVisualStyle
  3
ObjectDBX Classes
 90
     4095
 91
       50
280
     0
281
     0
  0
CLASS
  1
ACDBSECTIONVIEWSTYLE
  2
AcDbSectionViewStyle
  3
ObjectDBX Classes
 90
     1025
 91
        1
280
     0
281
     0
  0
CLASS
  1
ACDBDETAILVIEWSTYLE
  2
AcDbDetailViewStyle
  3
ObjectDBX Classes
 90
     1025
 91
        1
280
     0
281
     0
  0
CLASS
  1
ACAD_TABLE
  2
AcDbTable
  3
ObjectDBX Classes
 90
     1025
 91
        3
280
     0
281
     1
  0
ENDSEC
  0
SECTION
  2
TABLES
  0
TABLE
  2
VPORT
  5
8
330
0
100
AcDbSymbolTable
 70
     1
  0
VPORT
  5
1BB
330
8
100
AcDbSymbolTableRecord
100
AcDbViewportTableRecord
  2
*Active
 70
     0
 10
0.0
 20
0.0
 11
1.0
 21
1.0
 12
7.34517572644118
 22
6.886135849924374
 13
0.0
 23
0.0
 14
0.5
 24
0.5
 15
0.5
 25
0.5
 16
0.0
 26
0.0
 36
1.0
 17
0.0
 27
0.0
 37
0.0
 40
9.77753315136421
 41
2.280555555555555
 42
50.0
 43
0.0
 44
0.0
 50
0.0
 51
0.0
 71
     0
 72
  1000
 73
     1
 74
     3
 75
     0
 76
     1
 77
     0
 78
     0
281
     0
 65
     1
110
0.0
120
0.0
130
0.0
111
1.0
121
0.0
131
0.0
112
0.0
122
1.0
132
0.0
 79
     0
146
0.0
348
154
 60
     3
 61
     5
292
     1
282
     1
141
0.0
142
0.0
 63
     0
1001
ACAD_NAV_VCDISPLAY
1070
     3
  0
ENDTAB
  0
TABLE
  2
LTYPE
  5
5
330
0
100
AcDbSymbolTable
 70
     2
  0
LTYPE
  5
14
330
5
100
AcDbSymbolTableRecord
100
AcDbLinetypeTableRecord
  2
ByBlock
 70
     0
  3

 72
    65
 73
     0
 40
0.0
  0
LTYPE
  5
15
330
5
100
AcDbSymbolTableRecord
100
AcDbLinetypeTableRecord
  2
ByLayer
 70
     0
  3

 72
    65
 73
     0
 40
0.0
  0
LTYPE
  5
16
330
5
100
AcDbSymbolTableRecord
100
AcDbLinetypeTableRecord
  2
Continuous
 70
     0
  3
Solid line
 72
    65
 73
     0
 40
0.0
  0
LTYPE
  5
1D7
330
5
100
AcDbSymbolTableRecord
100
AcDbLinetypeTableRecord
  2
PHANTOM2
 70
     0
  3
Phantom (.5x) ___ _ _ ___ _ _ ___ _ _ ___ _ _
 72
    65
 73
     6
 40
1.25
 49
0.625
 74
     0
 49
-0.125
 74
     0
 49
0.125
 74
     0
 49
-0.125
 74
     0
 49
0.125
 74
     0
 49
-0.125
 74
     0
  0
ENDTAB
  0
TABLE
  2
LAYER
  5
2
102
{ACAD_XDICTIONARY
360
F6
102
}
330
0
100
AcDbSymbolTable
 70
     2
  0
LAYER
  5
10
330
2
100
AcDbSymbolTableRecord
100
AcDbLayerTableRecord
  2
0
 70
     0
 62
     7
  6
Continuous
370
    -3
390
F
347
146
348
0
  0
LAYER
  5
212
330
2
100
AcDbSymbolTableRecord
100
AcDbLayerTableRecord
  2
Defpoints
 70
     0
 62
     7
  6
Continuous
290
     0
370
    -3
390
F
347
0
348
0
  0
ENDTAB
  0
TABLE
  2
STYLE
  5
3
330
0
100
AcDbSymbolTable
 70
     2
  0
STYLE
  5
11
330
3
100
AcDbSymbolTableRecord
100
AcDbTextStyleTableRecord
  2
Standard
 70
     0
 40
0.0
 41
1.0
 50
0.0
 71
     0
 42
0.2
  3
arial.ttf
  4

1001
ACAD
1000
Arial
1071
       34
  0
STYLE
  5
1FF
330
3
100
AcDbSymbolTableRecord
100
AcDbTextStyleTableRecord
  2
Annotative
 70
     0
 40
0.0
 41
1.0
 50
0.0
 71
     0
 42
0.2
  3
arial.ttf
  4

1001
AcadAnnotative
1000
AnnotativeData
1002
{
1070
     1
1070
     1
1002
}
1001
ACAD
1000
Arial
1071
       34
  0
ENDTAB
  0
TABLE
  2
VIEW
  5
6
330
0
100
AcDbSymbolTable
 70
     0
  0
ENDTAB
  0
TABLE
  2
UCS
  5
7
330
0
100
AcDbSymbolTable
 70
     0
  0
ENDTAB
  0
TABLE
  2
APPID
  5
9
330
0
100
AcDbSymbolTable
 70
     8
  0
APPID
  5
12
330
9
100
AcDbSymbolTableRecord
100
AcDbRegAppTableRecord
  2
ACAD
 70
     0
  0
APPID
  5
F0
330
9
100
AcDbSymbolTableRecord
100
AcDbRegAppTableRecord
  2
ACAD_PSEXT
 70
     0
  0
APPID
  5
19B
330
9
100
AcDbSymbolTableRecord
100
AcDbRegAppTableRecord
  2
ACAD_NAV_VCDISPLAY
 70
     0
  0
APPID
  5
200
330
9
100
AcDbSymbolTableRecord
100
AcDbRegAppTableRecord
  2
AcadAnnoPO
 70
     0
  0
APPID
  5
201
330
9
100
AcDbSymbolTableRecord
100
AcDbRegAppTableRecord
  2
AcadAnnotative
 70
     0
  0
APPID
  5
203
330
9
100
AcDbSymbolTableRecord
100
AcDbRegAppTableRecord
  2
ACAD_DSTYLE_DIMJAG
 70
     0
  0
APPID
  5
204
330
9
100
AcDbSymbolTableRecord
100
AcDbRegAppTableRecord
  2
ACAD_DSTYLE_DIMBREAK
 70
     0
  0
APPID
  5
205
330
9
100
AcDbSymbolTableRecord
100
AcDbRegAppTableRecord
  2
ACAD_DSTYLE_DIMTALN
 70
     0
  0
ENDTAB
  0
TABLE
  2
DIMSTYLE
  5
A
330
0
100
AcDbSymbolTable
 70
     2
100
AcDbDimStyleTable
 71
     2
340
27
340
206
  0
DIMSTYLE
105
27
330
A
100
AcDbSymbolTableRecord
100
AcDbDimStyleTableRecord
  2
Standard
 70
     0
 41
0.18
 42
0.0625
 43
0.38
 44
0.18
 49
1.0
 50
45.0
 70
     0
 73
     1
 74
     1
140
0.18
141
0.09
143
25.4
144
1.0
146
1.0
147
0.09
171
     2
176
-1056964608
177
-1056964608
178
-1056964608
271
     4
272
     4
273
     2
274
     2
277
     2
278
    46
283
     1
289
     3
340
11
294
     0
371
    -2
372
    -2
341
0
342
0
343
0
344
0
345
0
346
0
347
0
  0
DIMSTYLE
105
206
330
A
100
AcDbSymbolTableRecord
100
AcDbDimStyleTableRecord
  2
Annotative
 70
     0
 41
0.18
 42
0.0625
 43
0.38
 44
0.18
 49
1.0
 50
45.0
 70
     0
 73
     1
 74
     1
140
0.18
141
0.09
143
25.4
144
1.0
146
1.0
147
0.09
171
     2
176
-1056964608
177
-1056964608
178
-1056964608
271
     4
272
     4
273
     2
274
     2
277
     2
278
    46
283
     1
289
     3
340
11
294
     0
371
    -2
372
    -2
341
0
342
0
343
0
344
0
345
0
346
0
347
0
1001
ACAD_DSTYLE_DIMBREAK
1070
   391
1040
0.125
1001
AcadAnnotative
1000
AnnotativeData
1002
{
1070
     1
1070
     1
1002
}
1001
ACAD_DSTYLE_DIMJAG
1070
   388
1040
1.5
1001
ACAD_DSTYLE_DIMTALN
1070
   392
1070
     0
  0
ENDTAB
  0
TABLE
  2
BLOCK_RECORD
  5
1
330
0
100
AcDbSymbolTable
 70
     5
  0
BLOCK_RECORD
  5
1F
330
1
100
AcDbSymbolTableRecord
100
AcDbBlockTableRecord
  2
*Model_Space
340
22
310

 70
     0
280
     1
281
     0
  0
BLOCK_RECORD
  5
1CC
330
1
100
AcDbSymbolTableRecord
100
AcDbBlockTableRecord
  2
*Paper_Space
340
1CD
310

 70
     0
280
     1
281
     0
  0
BLOCK_RECORD
  5
1D1
330
1
100
AcDbSymbolTableRecord
100
AcDbBlockTableRecord
  2
*Paper_Space0
340
1D2
310

 70
     0
280
     1
281
     0
  0
BLOCK_RECORD
  5
289
330
1
100
AcDbSymbolTableRecord
100
AcDbBlockTableRecord
  2
*T3
340
0
310

 70
     0
280
     1
281
     0
  0
BLOCK_RECORD
  5
2D7
330
1
100
AcDbSymbolTableRecord
100
AcDbBlockTableRecord
  2
*T4
340
0
310

102
{BLKREFS
331
2D6
102
}
 70
     0
280
     1
281
     0
  0
ENDTAB
  0
ENDSEC
  0
SECTION
  2
BLOCKS
  0
BLOCK
  5
20
330
1F
100
AcDbEntity
  8
0
100
AcDbBlockBegin
  2
*Model_Space
 70
     0
 10
0.0
 20
0.0
 30
0.0
  3
*Model_Space
  1

  0
ENDBLK
  5
21
330
1F
100
AcDbEntity
  8
0
100
AcDbBlockEnd
  0
BLOCK
  5
1CE
330
1CC
100
AcDbEntity
 67
     1
  8
0
100
AcDbBlockBegin
  2
*Paper_Space
 70
     0
 10
0.0
 20
0.0
 30
0.0
  3
*Paper_Space
  1

  0
ENDBLK
  5
1CF
330
1CC
100
AcDbEntity
 67
     1
  8
0
100
AcDbBlockEnd
  0
BLOCK
  5
1D3
330
1D1
100
AcDbEntity
  8
0
100
AcDbBlockBegin
  2
*Paper_Space0
 70
     0
 10
0.0
 20
0.0
 30
0.0
  3
*Paper_Space0
  1

  0
ENDBLK
  5
1D4
330
1D1
100
AcDbEntity
  8
0
100
AcDbBlockEnd
  0
BLOCK
  5
28A
330
289
100
AcDbEntity
  8
0
100
AcDbBlockBegin
  2
*T3
 70
     1
 10
0.0
 20
0.0
 30
0.0
  3
*T3
  1

  0
MTEXT
  5
28B
330
289
100
AcDbEntity
  8
0
 62
     0
100
AcDbMText
 10
3.75
 20
-0.6333333333333333
 30
0.0
210
0.0
220
0.0
230
1.0
 11
1.0
 21
0.0
 31
0.0
 40
0.18
 41
2.38
 46
0.0
 71
     5
 72
     5
  1
SYSTEM 1
  7
Standard
 73
     1
 44
1.0
1001
ACAD
1000
MTEXTBEGIN
1070
    73
1070
     1
1070
    44
1040
1.0
1070
    74
1070
     0
1000
MTEXTEND
  0
MTEXT
  5
28C
330
289
100
AcDbEntity
  8
0
 62
     0
100
AcDbMText
 10
6.25
 20
-0.6333333333333333
 30
0.0
210
0.0
220
0.0
230
1.0
 11
1.0
 21
0.0
 31
0.0
 40
0.18
 41
2.38
 46
0.0
 71
     5
 72
     5
  1
SYSTEM 2
  7
Standard
 73
     1
 44
1.0
1001
ACAD
1000
MTEXTBEGIN
1070
    73
1070
     1
1070
    44
1040
1.0
1070
    74
1070
     0
1000
MTEXTEND
  0
MTEXT
  5
28D
330
289
100
AcDbEntity
  8
0
 62
     0
100
AcDbMText
 10
8.75
 20
-0.6333333333333333
 30
0.0
210
0.0
220
0.0
230
1.0
 11
1.0
 21
0.0
 31
0.0
 40
0.18
 41
2.38
 46
0.0
 71
     5
 72
     5
  1
SYSTEM 3
  7
Standard
 73
     1
 44
1.0
1001
ACAD
1000
MTEXTBEGIN
1070
    73
1070
     1
1070
    44
1040
1.0
1070
    74
1070
     0
1000
MTEXTEND
  0
MTEXT
  5
28E
330
289
100
AcDbEntity
  8
0
 62
     0
100
AcDbMText
 10
1.25
 20
-0.9933333333333332
 30
0.0
210
0.0
220
0.0
230
1.0
 11
1.0
 21
0.0
 31
0.0
 40
0.18
 41
2.38
 46
0.0
 71
     5
 72
     5
  1
JOB NO
  7
Standard
 73
     1
 44
1.0
1001
ACAD
1000
MTEXTBEGIN
1070
    73
1070
     1
1070
    44
1040
1.0
1070
    74
1070
     0
1000
MTEXTEND
  0
MTEXT
  5
28F
330
289
100
AcDbEntity
  8
0
 62
     0
100
AcDbMText
 10
3.75
 20
-0.9933333333333332
 30
0.0
210
0.0
220
0.0
230
1.0
 11
1.0
 21
0.0
 31
0.0
 40
0.18
 41
2.38
 46
0.0
 71
     5
 72
     5
  1
SY1234
  7
Standard
 73
     1
 44
1.0
1001
ACAD
1000
MTEXTBEGIN
1070
    73
1070
     1
1070
    44
1040
1.0
1070
    74
1070
     0
1000
MTEXTEND
  0
MTEXT
  5
290
330
289
100
AcDbEntity
  8
0
 62
     0
100
AcDbMText
 10
6.25
 20
-0.9933333333333332
 30
0.0
210
0.0
220
0.0
230
1.0
 11
1.0
 21
0.0
 31
0.0
 40
0.18
 41
2.38
 46
0.0
 71
     5
 72
     5
  1
SY1234
  7
Standard
 73
     1
 44
1.0
1001
ACAD
1000
MTEXTBEGIN
1070
    73
1070
     1
1070
    44
1040
1.0
1070
    74
1070
     0
1000
MTEXTEND
  0
MTEXT
  5
291
330
289
100
AcDbEntity
  8
0
 62
     0
100
AcDbMText
 10
1.25
 20
-1.233333333333333
 30
0.0
210
0.0
220
0.0
230
1.0
 11
1.0
 21
0.0
 31
0.0
 40
0.18
 41
2.38
 46
0.0
 71
     2
 72
     5
  1
CUSTOMER NAME
  7
Standard
 73
     1
 44
1.0
1001
ACAD
1000
MTEXTBEGIN
1070
    73
1070
     1
1070
    44
1040
1.0
1070
    74
1070
     0
1000
MTEXTEND
  0
MTEXT
  5
292
330
289
100
AcDbEntity
  8
0
 62
     0
100
AcDbMText
 10
3.75
 20
-1.233333333333333
 30
0.0
210
0.0
220
0.0
230
1.0
 11
1.0
 21
0.0
 31
0.0
 40
0.18
 41
2.38
 46
0.0
 71
     2
 72
     5
  1
ALPHA 
  7
Standard
 73
     1
 44
1.0
1001
ACAD
1000
MTEXTBEGIN
1070
    73
1070
     1
1070
    44
1040
1.0
1070
    74
1070
     0
1000
MTEXTEND
  0
MTEXT
  5
293
330
289
100
AcDbEntity
  8
0
 62
     0
100
AcDbMText
 10
6.25
 20
-1.233333333333333
 30
0.0
210
0.0
220
0.0
230
1.0
 11
1.0
 21
0.0
 31
0.0
 40
0.18
 41
2.38
 46
0.0
 71
     2
 72
     5
  1
ALPHA
  7
Standard
 73
     1
 44
1.0
1001
ACAD
1000
MTEXTBEGIN
1070
    73
1070
     1
1070
    44
1040
1.0
1070
    74
1070
     0
1000
MTEXTEND
  0
MTEXT
  5
294
330
289
100
AcDbEntity
  8
0
 62
     0
100
AcDbMText
 10
1.25
 20
-1.593333333333333
 30
0.0
210
0.0
220
0.0
230
1.0
 11
1.0
 21
0.0
 31
0.0
 40
0.18
 41
2.38
 46
0.0
 71
     2
 72
     5
  1
CAPACITY
  7
Standard
 73
     1
 44
1.0
1001
ACAD
1000
MTEXTBEGIN
1070
    73
1070
     1
1070
    44
1040
1.0
1070
    74
1070
     0
1000
MTEXTEND
  0
MTEXT
  5
295
330
289
100
AcDbEntity
  8
0
 62
     0
100
AcDbMText
 10
3.75
 20
-1.593333333333333
 30
0.0
210
0.0
220
0.0
230
1.0
 11
1.0
 21
0.0
 31
0.0
 40
0.18
 41
2.38
 46
0.0
 71
     2
 72
     5
  1
233
  7
Standard
 73
     1
 44
1.0
1001
ACAD
1000
MTEXTBEGIN
1070
    73
1070
     1
1070
    44
1040
1.0
1070
    74
1070
     0
1000
MTEXTEND
  0
MTEXT
  5
296
330
289
100
AcDbEntity
  8
0
 62
     0
100
AcDbMText
 10
6.25
 20
-1.593333333333333
 30
0.0
210
0.0
220
0.0
230
1.0
 11
1.0
 21
0.0
 31
0.0
 40
0.18
 41
2.38
 46
0.0
 71
     2
 72
     5
  1
656
  7
Standard
 73
     1
 44
1.0
1001
ACAD
1000
MTEXTBEGIN
1070
    73
1070
     1
1070
    44
1040
1.0
1070
    74
1070
     0
1000
MTEXTEND
  0
MTEXT
  5
297
330
289
100
AcDbEntity
  8
0
 62
     0
100
AcDbMText
 10
1.25
 20
-1.953333333333333
 30
0.0
210
0.0
220
0.0
230
1.0
 11
1.0
 21
0.0
 31
0.0
 40
0.18
 41
2.38
 46
0.0
 71
     2
 72
     5
  1
CONVEYOR NO
  7
Standard
 73
     1
 44
1.0
1001
ACAD
1000
MTEXTBEGIN
1070
    73
1070
     1
1070
    44
1040
1.0
1070
    74
1070
     0
1000
MTEXTEND
  0
MTEXT
  5
298
330
289
100
AcDbEntity
  8
0
 62
     0
100
AcDbMText
 10
3.75
 20
-1.953333333333333
 30
0.0
210
0.0
220
0.0
230
1.0
 11
1.0
 21
0.0
 31
0.0
 40
0.18
 41
2.38
 46
0.0
 71
     2
 72
     5
  1
NA
  7
Standard
 73
     1
 44
1.0
1001
ACAD
1000
MTEXTBEGIN
1070
    73
1070
     1
1070
    44
1040
1.0
1070
    74
1070
     0
1000
MTEXTEND
  0
MTEXT
  5
299
330
289
100
AcDbEntity
  8
0
 62
     0
100
AcDbMText
 10
6.25
 20
-1.953333333333333
 30
0.0
210
0.0
220
0.0
230
1.0
 11
1.0
 21
0.0
 31
0.0
 40
0.18
 41
2.38
 46
0.0
 71
     2
 72
     5
  1
F4
  7
Standard
 73
     1
 44
1.0
1001
ACAD
1000
MTEXTBEGIN
1070
    73
1070
     1
1070
    44
1040
1.0
1070
    74
1070
     0
1000
MTEXTEND
  0
MTEXT
  5
29A
330
289
100
AcDbEntity
  8
0
 62
     0
100
AcDbMText
 10
1.25
 20
-2.313333333333333
 30
0.0
210
0.0
220
0.0
230
1.0
 11
1.0
 21
0.0
 31
0.0
 40
0.18
 41
2.38
 46
0.0
 71
     2
 72
     5
  1
INDICATOR MODEL
  7
Standard
 73
     1
 44
1.0
1001
ACAD
1000
MTEXTBEGIN
1070
    73
1070
     1
1070
    44
1040
1.0
1070
    74
1070
     0
1000
MTEXTEND
  0
MTEXT
  5
29B
330
289
100
AcDbEntity
  8
0
 62
     0
100
AcDbMText
 10
3.75
 20
-2.313333333333333
 30
0.0
210
0.0
220
0.0
230
1.0
 11
1.0
 21
0.0
 31
0.0
 40
0.18
 41
2.38
 46
0.0
 71
     2
 72
     5
  1
LH23200
  7
Standard
 73
     1
 44
1.0
1001
ACAD
1000
MTEXTBEGIN
1070
    73
1070
     1
1070
    44
1040
1.0
1070
    74
1070
     0
1000
MTEXTEND
  0
MTEXT
  5
29C
330
289
100
AcDbEntity
  8
0
 62
     0
100
AcDbMText
 10
6.25
 20
-2.313333333333333
 30
0.0
210
0.0
220
0.0
230
1.0
 11
1.0
 21
0.0
 31
0.0
 40
0.18
 41
2.38
 46
0.0
 71
     2
 72
     5
  1
WER4
  7
Standard
 73
     1
 44
1.0
1001
ACAD
1000
MTEXTBEGIN
1070
    73
1070
     1
1070
    44
1040
1.0
1070
    74
1070
     0
1000
MTEXTEND
  0
MTEXT
  5
29D
330
289
100
AcDbEntity
  8
0
 62
     0
100
AcDbMText
 10
1.25
 20
-2.673333333333333
 30
0.0
210
0.0
220
0.0
230
1.0
 11
1.0
 21
0.0
 31
0.0
 40
0.18
 41
2.38
 46
0.0
 71
     2
 72
     5
  1
REMOTE INDICATOR MODEL
  7
Standard
 73
     1
 44
1.0
1001
ACAD
1000
MTEXTBEGIN
1070
    73
1070
     1
1070
    44
1040
1.0
1070
    74
1070
     0
1000
MTEXTEND
  0
MTEXT
  5
29E
330
289
100
AcDbEntity
  8
0
 62
     0
100
AcDbMText
 10
3.75
 20
-2.673333333333333
 30
0.0
210
0.0
220
0.0
230
1.0
 11
1.0
 21
0.0
 31
0.0
 40
0.18
 41
2.38
 46
0.0
 71
     2
 72
     5
  1
RDLP320R1
  7
Standard
 73
     1
 44
1.0
1001
ACAD
1000
MTEXTBEGIN
1070
    73
1070
     1
1070
    44
1040
1.0
1070
    74
1070
     0
1000
MTEXTEND
  0
MTEXT
  5
29F
330
289
100
AcDbEntity
  8
0
 62
     0
100
AcDbMText
 10
6.25
 20
-2.673333333333333
 30
0.0
210
0.0
220
0.0
230
1.0
 11
1.0
 21
0.0
 31
0.0
 40
0.18
 41
2.38
 46
0.0
 71
     2
 72
     5
  1
345g
  7
Standard
 73
     1
 44
1.0
1001
ACAD
1000
MTEXTBEGIN
1070
    73
1070
     1
1070
    44
1040
1.0
1070
    74
1070
     0
1000
MTEXTEND
  0
MTEXT
  5
2A0
330
289
100
AcDbEntity
  8
0
 62
     0
100
AcDbMText
 10
1.25
 20
-3.282787630741245
 30
0.0
210
0.0
220
0.0
230
1.0
 11
1.0
 21
0.0
 31
0.0
 40
0.18
 41
2.38
 46
0.0
 71
     2
 72
     5
  1
LOAD CELL MODEL
  7
Standard
 73
     1
 44
1.0
1001
ACAD
1000
MTEXTBEGIN
1070
    73
1070
     1
1070
    44
1040
1.0
1070
    74
1070
     0
1000
MTEXTEND
  0
MTEXT
  5
2A1
330
289
100
AcDbEntity
  8
0
 62
     0
100
AcDbMText
 10
3.75
 20
-3.282787630741245
 30
0.0
210
0.0
220
0.0
230
1.0
 11
1.0
 21
0.0
 31
0.0
 40
0.18
 41
2.38
 46
0.0
 71
     2
 72
     5
  1
BRO53H9
  7
Standard
 73
     1
 44
1.0
1001
ACAD
1000
MTEXTBEGIN
1070
    73
1070
     1
1070
    44
1040
1.0
1070
    74
1070
     0
1000
MTEXTEND
  0
MTEXT
  5
2A2
330
289
100
AcDbEntity
  8
0
 62
     0
100
AcDbMText
 10
6.25
 20
-3.282787630741245
 30
0.0
210
0.0
220
0.0
230
1.0
 11
1.0
 21
0.0
 31
0.0
 40
0.18
 41
2.38
 46
0.0
 71
     2
 72
     5
  1
34
  7
Standard
 73
     1
 44
1.0
1001
ACAD
1000
MTEXTBEGIN
1070
    73
1070
     1
1070
    44
1040
1.0
1070
    74
1070
     0
1000
MTEXTEND
  0
MTEXT
  5
2A3
330
289
100
AcDbEntity
  8
0
 62
     0
100
AcDbMText
 10
1.25
 20
-3.642787630741245
 30
0.0
210
0.0
220
0.0
230
1.0
 11
1.0
 21
0.0
 31
0.0
 40
0.18
 41
2.38
 46
0.0
 71
     2
 72
     5
  1
SPEED SENSOR MODEL
  7
Standard
 73
     1
 44
1.0
1001
ACAD
1000
MTEXTBEGIN
1070
    73
1070
     1
1070
    44
1040
1.0
1070
    74
1070
     0
1000
MTEXTEND
  0
MTEXT
  5
2A4
330
289
100
AcDbEntity
  8
0
 62
     0
100
AcDbMText
 10
3.75
 20
-3.642787630741245
 30
0.0
210
0.0
220
0.0
230
1.0
 11
1.0
 21
0.0
 31
0.0
 40
0.18
 41
2.38
 46
0.0
 71
     2
 72
     5
  1
SDUIR
  7
Standard
 73
     1
 44
1.0
1001
ACAD
1000
MTEXTBEGIN
1070
    73
1070
     1
1070
    44
1040
1.0
1070
    74
1070
     0
1000
MTEXTEND
  0
MTEXT
  5
2A5
330
289
100
AcDbEntity
  8
0
 62
     0
100
AcDbMText
 10
6.25
 20
-3.642787630741245
 30
0.0
210
0.0
220
0.0
230
1.0
 11
1.0
 21
0.0
 31
0.0
 40
0.18
 41
2.38
 46
0.0
 71
     2
 72
     5
  1
G
  7
Standard
 73
     1
 44
1.0
1001
ACAD
1000
MTEXTBEGIN
1070
    73
1070
     1
1070
    44
1040
1.0
1070
    74
1070
     0
1000
MTEXTEND
  0
MTEXT
  5
2A6
330
289
100
AcDbEntity
  8
0
 62
     0
100
AcDbMText
 10
1.25
 20
-4.252241928149157
 30
0.0
210
0.0
220
0.0
230
1.0
 11
1.0
 21
0.0
 31
0.0
 40
0.18
 41
2.38
 46
0.0
 71
     2
 72
     5
  1
ANGLE SENSOR MODEL
  7
Standard
 73
     1
 44
1.0
1001
ACAD
1000
MTEXTBEGIN
1070
    73
1070
     1
1070
    44
1040
1.0
1070
    74
1070
     0
1000
MTEXTEND
  0
MTEXT
  5
2A7
330
289
100
AcDbEntity
  8
0
 62
     0
100
AcDbMText
 10
3.75
 20
-4.252241928149157
 30
0.0
210
0.0
220
0.0
230
1.0
 11
1.0
 21
0.0
 31
0.0
 40
0.18
 41
2.38
 46
0.0
 71
     2
 72
     5
  1
SGFBD
  7
Standard
 73
     1
 44
1.0
1001
ACAD
1000
MTEXTBEGIN
1070
    73
1070
     1
1070
    44
1040
1.0
1070
    74
1070
     0
1000
MTEXTEND
  0
MTEXT
  5
2A8
330
289
100
AcDbEntity
  8
0
 62
     0
100
AcDbMText
 10
6.25
 20
-4.252241928149157
 30
0.0
210
0.0
220
0.0
230
1.0
 11
1.0
 21
0.0
 31
0.0
 40
0.18
 41
2.38
 46
0.0
 71
     2
 72
     5
  1
34
  7
Standard
 73
     1
 44
1.0
1001
ACAD
1000
MTEXTBEGIN
1070
    73
1070
     1
1070
    44
1040
1.0
1070
    74
1070
     0
1000
MTEXTEND
  0
MTEXT
  5
2A9
330
289
100
AcDbEntity
  8
0
 62
     0
100
AcDbMText
 10
1.25
 20
-4.86169622555707
 30
0.0
210
0.0
220
0.0
230
1.0
 11
1.0
 21
0.0
 31
0.0
 40
0.18
 41
2.38
 46
0.0
 71
     2
 72
     5
  1
JUNCTION BOX 1 MODEL
  7
Standard
 73
     1
 44
1.0
1001
ACAD
1000
MTEXTBEGIN
1070
    73
1070
     1
1070
    44
1040
1.0
1070
    74
1070
     0
1000
MTEXTEND
  0
MTEXT
  5
2AA
330
289
100
AcDbEntity
  8
0
 62
     0
100
AcDbMText
 10
3.75
 20
-4.86169622555707
 30
0.0
210
0.0
220
0.0
230
1.0
 11
1.0
 21
0.0
 31
0.0
 40
0.18
 41
2.38
 46
0.0
 71
     2
 72
     5
  1
RGGW
  7
Standard
 73
     1
 44
1.0
1001
ACAD
1000
MTEXTBEGIN
1070
    73
1070
     1
1070
    44
1040
1.0
1070
    74
1070
     0
1000
MTEXTEND
  0
MTEXT
  5
2AB
330
289
100
AcDbEntity
  8
0
 62
     0
100
AcDbMText
 10
6.25
 20
-4.86169622555707
 30
0.0
210
0.0
220
0.0
230
1.0
 11
1.0
 21
0.0
 31
0.0
 40
0.18
 41
2.38
 46
0.0
 71
     2
 72
     5
  1
EG
  7
Standard
 73
     1
 44
1.0
1001
ACAD
1000
MTEXTBEGIN
1070
    73
1070
     1
1070
    44
1040
1.0
1070
    74
1070
     0
1000
MTEXTEND
  0
MTEXT
  5
2AC
330
289
100
AcDbEntity
  8
0
 62
     0
100
AcDbMText
 10
1.25
 20
-5.471150522964983
 30
0.0
210
0.0
220
0.0
230
1.0
 11
1.0
 21
0.0
 31
0.0
 40
0.18
 41
2.38
 46
0.0
 71
     2
 72
     5
  1
JUNCTION BOX 2 MODEL
  7
Standard
 73
     1
 44
1.0
1001
ACAD
1000
MTEXTBEGIN
1070
    73
1070
     1
1070
    44
1040
1.0
1070
    74
1070
     0
1000
MTEXTEND
  0
MTEXT
  5
2AD
330
289
100
AcDbEntity
  8
0
 62
     0
100
AcDbMText
 10
3.75
 20
-5.471150522964983
 30
0.0
210
0.0
220
0.0
230
1.0
 11
1.0
 21
0.0
 31
0.0
 40
0.18
 41
2.38
 46
0.0
 71
     2
 72
     5
  1
GRGW345
  7
Standard
 73
     1
 44
1.0
1001
ACAD
1000
MTEXTBEGIN
1070
    73
1070
     1
1070
    44
1040
1.0
1070
    74
1070
     0
1000
MTEXTEND
  0
MTEXT
  5
2AE
330
289
100
AcDbEntity
  8
0
 62
     0
100
AcDbMText
 10
6.25
 20
-5.471150522964983
 30
0.0
210
0.0
220
0.0
230
1.0
 11
1.0
 21
0.0
 31
0.0
 40
0.18
 41
2.38
 46
0.0
 71
     2
 72
     5
  1
3
  7
Standard
 73
     1
 44
1.0
1001
ACAD
1000
MTEXTBEGIN
1070
    73
1070
     1
1070
    44
1040
1.0
1070
    74
1070
     0
1000
MTEXTEND
  0
MTEXT
  5
2AF
330
289
100
AcDbEntity
  8
0
 62
     0
100
AcDbMText
 10
1.25
 20
-6.080604820372896
 30
0.0
210
0.0
220
0.0
230
1.0
 11
1.0
 21
0.0
 31
0.0
 40
0.18
 41
2.38
 46
0.0
 71
     2
 72
     5
  1
JUNCTION BOX 3 MODEL
  7
Standard
 73
     1
 44
1.0
1001
ACAD
1000
MTEXTBEGIN
1070
    73
1070
     1
1070
    44
1040
1.0
1070
    74
1070
     0
1000
MTEXTEND
  0
MTEXT
  5
2B0
330
289
100
AcDbEntity
  8
0
 62
     0
100
AcDbMText
 10
3.75
 20
-6.080604820372896
 30
0.0
210
0.0
220
0.0
230
1.0
 11
1.0
 21
0.0
 31
0.0
 40
0.18
 41
2.38
 46
0.0
 71
     2
 72
     5
  1
ERG35
  7
Standard
 73
     1
 44
1.0
1001
ACAD
1000
MTEXTBEGIN
1070
    73
1070
     1
1070
    44
1040
1.0
1070
    74
1070
     0
1000
MTEXTEND
  0
MTEXT
  5
2B1
330
289
100
AcDbEntity
  8
0
 62
     0
100
AcDbMText
 10
6.25
 20
-6.080604820372896
 30
0.0
210
0.0
220
0.0
230
1.0
 11
1.0
 21
0.0
 31
0.0
 40
0.18
 41
2.38
 46
0.0
 71
     2
 72
     5
  1
5.4000E+01
  7
Standard
 73
     1
 44
1.0
1001
ACAD
1000
MTEXTBEGIN
1070
    73
1070
     1
1070
    44
1040
1.0
1070
    74
1070
     0
1000
MTEXTEND
  0
MTEXT
  5
2B2
330
289
100
AcDbEntity
  8
0
 62
     0
100
AcDbMText
 10
1.25
 20
-6.690059117780809
 30
0.0
210
0.0
220
0.0
230
1.0
 11
1.0
 21
0.0
 31
0.0
 40
0.18
 41
2.38
 46
0.0
 71
     2
 72
     5
  1
BELT LOAD 
  7
Standard
 73
     1
 44
1.0
1001
ACAD
1000
MTEXTBEGIN
1070
    73
1070
     1
1070
    44
1040
1.0
1070
    74
1070
     0
1000
MTEXTEND
  0
MTEXT
  5
2B3
330
289
100
AcDbEntity
  8
0
 62
     0
100
AcDbMText
 10
3.75
 20
-6.690059117780809
 30
0.0
210
0.0
220
0.0
230
1.0
 11
1.0
 21
0.0
 31
0.0
 40
0.18
 41
2.38
 46
0.0
 71
     2
 72
     5
  1
20
  7
Standard
 73
     1
 44
1.0
1001
ACAD
1000
MTEXTBEGIN
1070
    73
1070
     1
1070
    44
1040
1.0
1070
    74
1070
     0
1000
MTEXTEND
  0
MTEXT
  5
2B4
330
289
100
AcDbEntity
  8
0
 62
     0
100
AcDbMText
 10
1.25
 20
-7.050059117780809
 30
0.0
210
0.0
220
0.0
230
1.0
 11
1.0
 21
0.0
 31
0.0
 40
0.18
 41
2.38
 46
0.0
 71
     2
 72
     5
  1
BELT SPEED
  7
Standard
 73
     1
 44
1.0
1001
ACAD
1000
MTEXTBEGIN
1070
    73
1070
     1
1070
    44
1040
1.0
1070
    74
1070
     0
1000
MTEXTEND
  0
MTEXT
  5
2B5
330
289
100
AcDbEntity
  8
0
 62
     0
100
AcDbMText
 10
3.75
 20
-7.050059117780809
 30
0.0
210
0.0
220
0.0
230
1.0
 11
1.0
 21
0.0
 31
0.0
 40
0.18
 41
2.38
 46
0.0
 71
     2
 72
     5
  1
1
  7
Standard
 73
     1
 44
1.0
1001
ACAD
1000
MTEXTBEGIN
1070
    73
1070
     1
1070
    44
1040
1.0
1070
    74
1070
     0
1000
MTEXTEND
  0
MTEXT
  5
2B6
330
289
100
AcDbEntity
  8
0
 62
     0
100
AcDbMText
 10
1.25
 20
-7.41005911778081
 30
0.0
210
0.0
220
0.0
230
1.0
 11
1.0
 21
0.0
 31
0.0
 40
0.18
 41
2.38
 46
0.0
 71
     2
 72
     5
  1
NO OF ANALOGUE OUTPUT
  7
Standard
 73
     1
 44
1.0
1001
ACAD
1000
MTEXTBEGIN
1070
    73
1070
     1
1070
    44
1040
1.0
1070
    74
1070
     0
1000
MTEXTEND
  0
MTEXT
  5
2B7
330
289
100
AcDbEntity
  8
0
 62
     0
100
AcDbMText
 10
3.75
 20
-7.41005911778081
 30
0.0
210
0.0
220
0.0
230
1.0
 11
1.0
 21
0.0
 31
0.0
 40
0.18
 41
2.38
 46
0.0
 71
     2
 72
     5
  1
2
  7
Standard
 73
     1
 44
1.0
1001
ACAD
1000
MTEXTBEGIN
1070
    73
1070
     1
1070
    44
1040
1.0
1070
    74
1070
     0
1000
MTEXTEND
  0
LINE
  5
2B8
330
289
100
AcDbEntity
  8
0
370
    -2
 62
     0
100
AcDbLine
 10
0.0
 20
0.0
 30
0.0
 11
10.0
 21
0.0
 31
0.0
  0
LINE
  5
2B9
330
289
100
AcDbEntity
  8
0
370
    -2
 62
     0
100
AcDbLine
 10
0.0
 20
-0.4533333333333333
 30
0.0
 11
10.0
 21
-0.4533333333333333
 31
0.0
  0
LINE
  5
2BA
330
289
100
AcDbEntity
  8
0
370
    -2
 62
     0
100
AcDbLine
 10
0.0
 20
-0.8133333333333332
 30
0.0
 11
10.0
 21
-0.8133333333333332
 31
0.0
  0
LINE
  5
2BB
330
289
100
AcDbEntity
  8
0
370
    -2
 62
     0
100
AcDbLine
 10
0.0
 20
-1.173333333333333
 30
0.0
 11
10.0
 21
-1.173333333333333
 31
0.0
  0
LINE
  5
2BC
330
289
100
AcDbEntity
  8
0
370
    -2
 62
     0
100
AcDbLine
 10
0.0
 20
-1.533333333333333
 30
0.0
 11
10.0
 21
-1.533333333333333
 31
0.0
  0
LINE
  5
2BD
330
289
100
AcDbEntity
  8
0
370
    -2
 62
     0
100
AcDbLine
 10
0.0
 20
-1.893333333333333
 30
0.0
 11
10.0
 21
-1.893333333333333
 31
0.0
  0
LINE
  5
2BE
330
289
100
AcDbEntity
  8
0
370
    -2
 62
     0
100
AcDbLine
 10
0.0
 20
-2.253333333333333
 30
0.0
 11
10.0
 21
-2.253333333333333
 31
0.0
  0
LINE
  5
2BF
330
289
100
AcDbEntity
  8
0
370
    -2
 62
     0
100
AcDbLine
 10
0.0
 20
-2.613333333333333
 30
0.0
 11
10.0
 21
-2.613333333333333
 31
0.0
  0
LINE
  5
2C0
330
289
100
AcDbEntity
  8
0
370
    -2
 62
     0
100
AcDbLine
 10
0.0
 20
-3.222787630741245
 30
0.0
 11
10.0
 21
-3.222787630741245
 31
0.0
  0
LINE
  5
2C1
330
289
100
AcDbEntity
  8
0
370
    -2
 62
     0
100
AcDbLine
 10
0.0
 20
-3.582787630741245
 30
0.0
 11
10.0
 21
-3.582787630741245
 31
0.0
  0
LINE
  5
2C2
330
289
100
AcDbEntity
  8
0
370
    -2
 62
     0
100
AcDbLine
 10
0.0
 20
-4.192241928149158
 30
0.0
 11
10.0
 21
-4.192241928149158
 31
0.0
  0
LINE
  5
2C3
330
289
100
AcDbEntity
  8
0
370
    -2
 62
     0
100
AcDbLine
 10
0.0
 20
-4.801696225557071
 30
0.0
 11
10.0
 21
-4.801696225557071
 31
0.0
  0
LINE
  5
2C4
330
289
100
AcDbEntity
  8
0
370
    -2
 62
     0
100
AcDbLine
 10
0.0
 20
-5.411150522964983
 30
0.0
 11
10.0
 21
-5.411150522964983
 31
0.0
  0
LINE
  5
2C5
330
289
100
AcDbEntity
  8
0
370
    -2
 62
     0
100
AcDbLine
 10
0.0
 20
-6.020604820372896
 30
0.0
 11
10.0
 21
-6.020604820372896
 31
0.0
  0
LINE
  5
2C6
330
289
100
AcDbEntity
  8
0
370
    -2
 62
     0
100
AcDbLine
 10
0.0
 20
-6.630059117780809
 30
0.0
 11
10.0
 21
-6.630059117780809
 31
0.0
  0
LINE
  5
2C7
330
289
100
AcDbEntity
  8
0
370
    -2
 62
     0
100
AcDbLine
 10
0.0
 20
-6.99005911778081
 30
0.0
 11
10.0
 21
-6.99005911778081
 31
0.0
  0
LINE
  5
2C8
330
289
100
AcDbEntity
  8
0
370
    -2
 62
     0
100
AcDbLine
 10
0.0
 20
-7.35005911778081
 30
0.0
 11
10.0
 21
-7.35005911778081
 31
0.0
  0
LINE
  5
2C9
330
289
100
AcDbEntity
  8
0
370
    -2
 62
     0
100
AcDbLine
 10
0.0
 20
-7.959513415188723
 30
0.0
 11
10.0
 21
-7.959513415188723
 31
0.0
  0
LINE
  5
2CA
330
289
100
AcDbEntity
  8
0
370
    -2
 62
     0
100
AcDbLine
 10
0.0
 20
-8.319513415188723
 30
0.0
 11
10.0
 21
-8.319513415188723
 31
0.0
  0
LINE
  5
2CB
330
289
100
AcDbEntity
  8
0
370
    -2
 62
     0
100
AcDbLine
 10
0.0
 20
-8.679513415188723
 30
0.0
 11
10.0
 21
-8.679513415188723
 31
0.0
  0
LINE
  5
2CC
330
289
100
AcDbEntity
  8
0
370
    -2
 62
     0
100
AcDbLine
 10
0.0
 20
-9.039513415188722
 30
0.0
 11
10.0
 21
-9.039513415188722
 31
0.0
  0
LINE
  5
2CD
330
289
100
AcDbEntity
  8
0
370
    -2
 62
     0
100
AcDbLine
 10
0.0
 20
-9.399513415188721
 30
0.0
 11
10.0
 21
-9.399513415188721
 31
0.0
  0
LINE
  5
2CE
330
289
100
AcDbEntity
  8
0
370
    -2
 62
     0
100
AcDbLine
 10
0.0
 20
0.0
 30
0.0
 11
0.0
 21
-9.399513415188721
 31
0.0
  0
LINE
  5
2CF
330
289
100
AcDbEntity
  8
0
370
    -2
 62
     0
100
AcDbLine
 10
10.0
 20
0.0
 30
0.0
 11
10.0
 21
-9.399513415188721
 31
0.0
  0
LINE
  5
2D0
330
289
100
AcDbEntity
  8
0
370
    -2
 62
     0
100
AcDbLine
 10
2.5
 20
-0.4533333333333333
 30
0.0
 11
2.5
 21
-9.399513415188721
 31
0.0
  0
LINE
  5
2D1
330
289
100
AcDbEntity
  8
0
370
    -2
 62
     0
100
AcDbLine
 10
5.0
 20
-0.4533333333333333
 30
0.0
 11
5.0
 21
-9.399513415188721
 31
0.0
  0
LINE
  5
2D2
330
289
100
AcDbEntity
  8
0
370
    -2
 62
     0
100
AcDbLine
 10
7.5
 20
-0.4533333333333333
 30
0.0
 11
7.5
 21
-9.399513415188721
 31
0.0
  0
LINE
  5
2D3
330
289
100
AcDbEntity
  8
Defpoints
370
     0
 62
     8
 60
     1
100
AcDbLine
 10
0.0
 20
0.0
 30
0.0
 11
0.0
 21
0.0
 31
0.0
  0
ENDBLK
  5
2D4
330
289
100
AcDbEntity
  8
0
100
AcDbBlockEnd
  0
BLOCK
  5
321
330
2D7
100
AcDbEntity
  8
0
100
AcDbBlockBegin
  2
*T4
 70
     1
 10
0.0
 20
0.0
 30
0.0
  3
*T4
  1

  0
MTEXT
  5
2D8
330
2D7
100
AcDbEntity
  8
0
 62
     0
100
AcDbMText
 10
3.75
 20
-0.6333333333333333
 30
0.0
210
0.0
220
0.0
230
1.0
 11
1.0
 21
0.0
 31
0.0
 40
0.18
 41
2.38
 46
0.0
 71
     5
 72
     5
  1
SYSTEM 1
  7
Standard
 73
     1
 44
1.0
1001
ACAD
1000
MTEXTBEGIN
1070
    73
1070
     1
1070
    44
1040
1.0
1070
    74
1070
     0
1000
MTEXTEND
  0
MTEXT
  5
2D9
330
2D7
100
AcDbEntity
  8
0
 62
     0
100
AcDbMText
 10
6.25
 20
-0.6333333333333333
 30
0.0
210
0.0
220
0.0
230
1.0
 11
1.0
 21
0.0
 31
0.0
 40
0.18
 41
2.38
 46
0.0
 71
     5
 72
     5
  1
SYSTEM 2
  7
Standard
 73
     1
 44
1.0
1001
ACAD
1000
MTEXTBEGIN
1070
    73
1070
     1
1070
    44
1040
1.0
1070
    74
1070
     0
1000
MTEXTEND
  0
MTEXT
  5
2DA
330
2D7
100
AcDbEntity
  8
0
 62
     0
100
AcDbMText
 10
8.75
 20
-0.6333333333333333
 30
0.0
210
0.0
220
0.0
230
1.0
 11
1.0
 21
0.0
 31
0.0
 40
0.18
 41
2.38
 46
0.0
 71
     5
 72
     5
  1
SYSTEM 3
  7
Standard
 73
     1
 44
1.0
1001
ACAD
1000
MTEXTBEGIN
1070
    73
1070
     1
1070
    44
1040
1.0
1070
    74
1070
     0
1000
MTEXTEND
  0
MTEXT
  5
2DB
330
2D7
100
AcDbEntity
  8
0
 62
     0
100
AcDbMText
 10
1.25
 20
-0.9933333333333332
 30
0.0
210
0.0
220
0.0
230
1.0
 11
1.0
 21
0.0
 31
0.0
 40
0.18
 41
2.38
 46
0.0
 71
     5
 72
     5
  1
JOB NO
  7
Standard
 73
     1
 44
1.0
1001
ACAD
1000
MTEXTBEGIN
1070
    73
1070
     1
1070
    44
1040
1.0
1070
    74
1070
     0
1000
MTEXTEND
  0
MTEXT
  5
2DC
330
2D7
100
AcDbEntity
  8
0
 62
     0
100
AcDbMText
 10
3.75
 20
-0.9933333333333332
 30
0.0
210
0.0
220
0.0
230
1.0
 11
1.0
 21
0.0
 31
0.0
 40
0.18
 41
2.38
 46
0.0
 71
     5
 72
     5
  1
SY1234
  7
Standard
 73
     1
 44
1.0
1001
ACAD
1000
MTEXTBEGIN
1070
    73
1070
     1
1070
    44
1040
1.0
1070
    74
1070
     0
1000
MTEXTEND
  0
MTEXT
  5
2DD
330
2D7
100
AcDbEntity
  8
0
 62
     0
100
AcDbMText
 10
6.25
 20
-0.9933333333333332
 30
0.0
210
0.0
220
0.0
230
1.0
 11
1.0
 21
0.0
 31
0.0
 40
0.18
 41
2.38
 46
0.0
 71
     5
 72
     5
  1
SY1234
  7
Standard
 73
     1
 44
1.0
1001
ACAD
1000
MTEXTBEGIN
1070
    73
1070
     1
1070
    44
1040
1.0
1070
    74
1070
     0
1000
MTEXTEND
  0
MTEXT
  5
2DE
330
2D7
100
AcDbEntity
  8
0
 62
     0
100
AcDbMText
 10
8.75
 20
-0.9933333333333332
 30
0.0
210
0.0
220
0.0
230
1.0
 11
1.0
 21
0.0
 31
0.0
 40
0.18
 41
2.38
 46
0.0
 71
     5
 72
     5
  1
R
  7
Standard
 73
     1
 44
1.0
1001
ACAD
1000
MTEXTBEGIN
1070
    73
1070
     1
1070
    44
1040
1.0
1070
    74
1070
     0
1000
MTEXTEND
  0
MTEXT
  5
2DF
330
2D7
100
AcDbEntity
  8
0
 62
     0
100
AcDbMText
 10
1.25
 20
-1.233333333333333
 30
0.0
210
0.0
220
0.0
230
1.0
 11
1.0
 21
0.0
 31
0.0
 40
0.18
 41
2.38
 46
0.0
 71
     2
 72
     5
  1
CUSTOMER NAME
  7
Standard
 73
     1
 44
1.0
1001
ACAD
1000
MTEXTBEGIN
1070
    73
1070
     1
1070
    44
1040
1.0
1070
    74
1070
     0
1000
MTEXTEND
  0
MTEXT
  5
2E0
330
2D7
100
AcDbEntity
  8
0
 62
     0
100
AcDbMText
 10
3.75
 20
-1.233333333333333
 30
0.0
210
0.0
220
0.0
230
1.0
 11
1.0
 21
0.0
 31
0.0
 40
0.18
 41
2.38
 46
0.0
 71
     2
 72
     5
  1
ALPHA 
  7
Standard
 73
     1
 44
1.0
1001
ACAD
1000
MTEXTBEGIN
1070
    73
1070
     1
1070
    44
1040
1.0
1070
    74
1070
     0
1000
MTEXTEND
  0
MTEXT
  5
2E1
330
2D7
100
AcDbEntity
  8
0
 62
     0
100
AcDbMText
 10
6.25
 20
-1.233333333333333
 30
0.0
210
0.0
220
0.0
230
1.0
 11
1.0
 21
0.0
 31
0.0
 40
0.18
 41
2.38
 46
0.0
 71
     2
 72
     5
  1
ALPHA
  7
Standard
 73
     1
 44
1.0
1001
ACAD
1000
MTEXTBEGIN
1070
    73
1070
     1
1070
    44
1040
1.0
1070
    74
1070
     0
1000
MTEXTEND
  0
MTEXT
  5
2E2
330
2D7
100
AcDbEntity
  8
0
 62
     0
100
AcDbMText
 10
8.75
 20
-1.233333333333333
 30
0.0
210
0.0
220
0.0
230
1.0
 11
1.0
 21
0.0
 31
0.0
 40
0.18
 41
2.38
 46
0.0
 71
     2
 72
     5
  1
R
  7
Standard
 73
     1
 44
1.0
1001
ACAD
1000
MTEXTBEGIN
1070
    73
1070
     1
1070
    44
1040
1.0
1070
    74
1070
     0
1000
MTEXTEND
  0
MTEXT
  5
2E3
330
2D7
100
AcDbEntity
  8
0
 62
     0
100
AcDbMText
 10
1.25
 20
-1.593333333333333
 30
0.0
210
0.0
220
0.0
230
1.0
 11
1.0
 21
0.0
 31
0.0
 40
0.18
 41
2.38
 46
0.0
 71
     2
 72
     5
  1
CAPACITY
  7
Standard
 73
     1
 44
1.0
1001
ACAD
1000
MTEXTBEGIN
1070
    73
1070
     1
1070
    44
1040
1.0
1070
    74
1070
     0
1000
MTEXTEND
  0
MTEXT
  5
2E4
330
2D7
100
AcDbEntity
  8
0
 62
     0
100
AcDbMText
 10
3.75
 20
-1.593333333333333
 30
0.0
210
0.0
220
0.0
230
1.0
 11
1.0
 21
0.0
 31
0.0
 40
0.18
 41
2.38
 46
0.0
 71
     2
 72
     5
  1
233
  7
Standard
 73
     1
 44
1.0
1001
ACAD
1000
MTEXTBEGIN
1070
    73
1070
     1
1070
    44
1040
1.0
1070
    74
1070
     0
1000
MTEXTEND
  0
MTEXT
  5
2E5
330
2D7
100
AcDbEntity
  8
0
 62
     0
100
AcDbMText
 10
6.25
 20
-1.593333333333333
 30
0.0
210
0.0
220
0.0
230
1.0
 11
1.0
 21
0.0
 31
0.0
 40
0.18
 41
2.38
 46
0.0
 71
     2
 72
     5
  1
656
  7
Standard
 73
     1
 44
1.0
1001
ACAD
1000
MTEXTBEGIN
1070
    73
1070
     1
1070
    44
1040
1.0
1070
    74
1070
     0
1000
MTEXTEND
  0
MTEXT
  5
2E6
330
2D7
100
AcDbEntity
  8
0
 62
     0
100
AcDbMText
 10
8.75
 20
-1.593333333333333
 30
0.0
210
0.0
220
0.0
230
1.0
 11
1.0
 21
0.0
 31
0.0
 40
0.18
 41
2.38
 46
0.0
 71
     2
 72
     5
  1
WEF
  7
Standard
 73
     1
 44
1.0
1001
ACAD
1000
MTEXTBEGIN
1070
    73
1070
     1
1070
    44
1040
1.0
1070
    74
1070
     0
1000
MTEXTEND
  0
MTEXT
  5
2E7
330
2D7
100
AcDbEntity
  8
0
 62
     0
100
AcDbMText
 10
1.25
 20
-1.953333333333333
 30
0.0
210
0.0
220
0.0
230
1.0
 11
1.0
 21
0.0
 31
0.0
 40
0.18
 41
2.38
 46
0.0
 71
     2
 72
     5
  1
CONVEYOR NO
  7
Standard
 73
     1
 44
1.0
1001
ACAD
1000
MTEXTBEGIN
1070
    73
1070
     1
1070
    44
1040
1.0
1070
    74
1070
     0
1000
MTEXTEND
  0
MTEXT
  5
2E8
330
2D7
100
AcDbEntity
  8
0
 62
     0
100
AcDbMText
 10
3.75
 20
-1.953333333333333
 30
0.0
210
0.0
220
0.0
230
1.0
 11
1.0
 21
0.0
 31
0.0
 40
0.18
 41
2.38
 46
0.0
 71
     2
 72
     5
  1
NA
  7
Standard
 73
     1
 44
1.0
1001
ACAD
1000
MTEXTBEGIN
1070
    73
1070
     1
1070
    44
1040
1.0
1070
    74
1070
     0
1000
MTEXTEND
  0
MTEXT
  5
2E9
330
2D7
100
AcDbEntity
  8
0
 62
     0
100
AcDbMText
 10
6.25
 20
-1.953333333333333
 30
0.0
210
0.0
220
0.0
230
1.0
 11
1.0
 21
0.0
 31
0.0
 40
0.18
 41
2.38
 46
0.0
 71
     2
 72
     5
  1
F4
  7
Standard
 73
     1
 44
1.0
1001
ACAD
1000
MTEXTBEGIN
1070
    73
1070
     1
1070
    44
1040
1.0
1070
    74
1070
     0
1000
MTEXTEND
  0
MTEXT
  5
2EA
330
2D7
100
AcDbEntity
  8
0
 62
     0
100
AcDbMText
 10
8.75
 20
-1.953333333333333
 30
0.0
210
0.0
220
0.0
230
1.0
 11
1.0
 21
0.0
 31
0.0
 40
0.18
 41
2.38
 46
0.0
 71
     2
 72
     5
  1
ERWR667
  7
Standard
 73
     1
 44
1.0
1001
ACAD
1000
MTEXTBEGIN
1070
    73
1070
     1
1070
    44
1040
1.0
1070
    74
1070
     0
1000
MTEXTEND
  0
MTEXT
  5
2EB
330
2D7
100
AcDbEntity
  8
0
 62
     0
100
AcDbMText
 10
1.25
 20
-2.313333333333333
 30
0.0
210
0.0
220
0.0
230
1.0
 11
1.0
 21
0.0
 31
0.0
 40
0.18
 41
2.38
 46
0.0
 71
     2
 72
     5
  1
INDICATOR MODEL
  7
Standard
 73
     1
 44
1.0
1001
ACAD
1000
MTEXTBEGIN
1070
    73
1070
     1
1070
    44
1040
1.0
1070
    74
1070
     0
1000
MTEXTEND
  0
MTEXT
  5
2EC
330
2D7
100
AcDbEntity
  8
0
 62
     0
100
AcDbMText
 10
3.75
 20
-2.313333333333333
 30
0.0
210
0.0
220
0.0
230
1.0
 11
1.0
 21
0.0
 31
0.0
 40
0.18
 41
2.38
 46
0.0
 71
     2
 72
     5
  1
LH23200
  7
Standard
 73
     1
 44
1.0
1001
ACAD
1000
MTEXTBEGIN
1070
    73
1070
     1
1070
    44
1040
1.0
1070
    74
1070
     0
1000
MTEXTEND
  0
MTEXT
  5
2ED
330
2D7
100
AcDbEntity
  8
0
 62
     0
100
AcDbMText
 10
6.25
 20
-2.313333333333333
 30
0.0
210
0.0
220
0.0
230
1.0
 11
1.0
 21
0.0
 31
0.0
 40
0.18
 41
2.38
 46
0.0
 71
     2
 72
     5
  1
WER4
  7
Standard
 73
     1
 44
1.0
1001
ACAD
1000
MTEXTBEGIN
1070
    73
1070
     1
1070
    44
1040
1.0
1070
    74
1070
     0
1000
MTEXTEND
  0
MTEXT
  5
2EE
330
2D7
100
AcDbEntity
  8
0
 62
     0
100
AcDbMText
 10
8.75
 20
-2.313333333333333
 30
0.0
210
0.0
220
0.0
230
1.0
 11
1.0
 21
0.0
 31
0.0
 40
0.18
 41
2.38
 46
0.0
 71
     2
 72
     5
  1
R9RW
  7
Standard
 73
     1
 44
1.0
1001
ACAD
1000
MTEXTBEGIN
1070
    73
1070
     1
1070
    44
1040
1.0
1070
    74
1070
     0
1000
MTEXTEND
  0
MTEXT
  5
2EF
330
2D7
100
AcDbEntity
  8
0
 62
     0
100
AcDbMText
 10
1.25
 20
-2.673333333333333
 30
0.0
210
0.0
220
0.0
230
1.0
 11
1.0
 21
0.0
 31
0.0
 40
0.18
 41
2.38
 46
0.0
 71
     2
 72
     5
  1
REMOTE INDICATOR MODEL
  7
Standard
 73
     1
 44
1.0
1001
ACAD
1000
MTEXTBEGIN
1070
    73
1070
     1
1070
    44
1040
1.0
1070
    74
1070
     0
1000
MTEXTEND
  0
MTEXT
  5
2F0
330
2D7
100
AcDbEntity
  8
0
 62
     0
100
AcDbMText
 10
3.75
 20
-2.673333333333333
 30
0.0
210
0.0
220
0.0
230
1.0
 11
1.0
 21
0.0
 31
0.0
 40
0.18
 41
2.38
 46
0.0
 71
     2
 72
     5
  1
RDLP320R1
  7
Standard
 73
     1
 44
1.0
1001
ACAD
1000
MTEXTBEGIN
1070
    73
1070
     1
1070
    44
1040
1.0
1070
    74
1070
     0
1000
MTEXTEND
  0
MTEXT
  5
2F1
330
2D7
100
AcDbEntity
  8
0
 62
     0
100
AcDbMText
 10
6.25
 20
-2.673333333333333
 30
0.0
210
0.0
220
0.0
230
1.0
 11
1.0
 21
0.0
 31
0.0
 40
0.18
 41
2.38
 46
0.0
 71
     2
 72
     5
  1
345g
  7
Standard
 73
     1
 44
1.0
1001
ACAD
1000
MTEXTBEGIN
1070
    73
1070
     1
1070
    44
1040
1.0
1070
    74
1070
     0
1000
MTEXTEND
  0
MTEXT
  5
2F2
330
2D7
100
AcDbEntity
  8
0
 62
     0
100
AcDbMText
 10
8.75
 20
-2.673333333333333
 30
0.0
210
0.0
220
0.0
230
1.0
 11
1.0
 21
0.0
 31
0.0
 40
0.18
 41
2.38
 46
0.0
 71
     2
 72
     5
  1
23923F
  7
Standard
 73
     1
 44
1.0
1001
ACAD
1000
MTEXTBEGIN
1070
    73
1070
     1
1070
    44
1040
1.0
1070
    74
1070
     0
1000
MTEXTEND
  0
MTEXT
  5
2F3
330
2D7
100
AcDbEntity
  8
0
 62
     0
100
AcDbMText
 10
1.25
 20
-3.282787630741245
 30
0.0
210
0.0
220
0.0
230
1.0
 11
1.0
 21
0.0
 31
0.0
 40
0.18
 41
2.38
 46
0.0
 71
     2
 72
     5
  1
LOAD CELL MODEL
  7
Standard
 73
     1
 44
1.0
1001
ACAD
1000
MTEXTBEGIN
1070
    73
1070
     1
1070
    44
1040
1.0
1070
    74
1070
     0
1000
MTEXTEND
  0
MTEXT
  5
2F4
330
2D7
100
AcDbEntity
  8
0
 62
     0
100
AcDbMText
 10
3.75
 20
-3.282787630741245
 30
0.0
210
0.0
220
0.0
230
1.0
 11
1.0
 21
0.0
 31
0.0
 40
0.18
 41
2.38
 46
0.0
 71
     2
 72
     5
  1
BRO53H9
  7
Standard
 73
     1
 44
1.0
1001
ACAD
1000
MTEXTBEGIN
1070
    73
1070
     1
1070
    44
1040
1.0
1070
    74
1070
     0
1000
MTEXTEND
  0
MTEXT
  5
2F5
330
2D7
100
AcDbEntity
  8
0
 62
     0
100
AcDbMText
 10
6.25
 20
-3.282787630741245
 30
0.0
210
0.0
220
0.0
230
1.0
 11
1.0
 21
0.0
 31
0.0
 40
0.18
 41
2.38
 46
0.0
 71
     2
 72
     5
  1
34
  7
Standard
 73
     1
 44
1.0
1001
ACAD
1000
MTEXTBEGIN
1070
    73
1070
     1
1070
    44
1040
1.0
1070
    74
1070
     0
1000
MTEXTEND
  0
MTEXT
  5
2F6
330
2D7
100
AcDbEntity
  8
0
 62
     0
100
AcDbMText
 10
8.75
 20
-3.282787630741245
 30
0.0
210
0.0
220
0.0
230
1.0
 11
1.0
 21
0.0
 31
0.0
 40
0.18
 41
2.38
 46
0.0
 71
     2
 72
     5
  1
942
  7
Standard
 73
     1
 44
1.0
1001
ACAD
1000
MTEXTBEGIN
1070
    73
1070
     1
1070
    44
1040
1.0
1070
    74
1070
     0
1000
MTEXTEND
  0
MTEXT
  5
2F7
330
2D7
100
AcDbEntity
  8
0
 62
     0
100
AcDbMText
 10
1.25
 20
-3.642787630741245
 30
0.0
210
0.0
220
0.0
230
1.0
 11
1.0
 21
0.0
 31
0.0
 40
0.18
 41
2.38
 46
0.0
 71
     2
 72
     5
  1
SPEED SENSOR MODEL
  7
Standard
 73
     1
 44
1.0
1001
ACAD
1000
MTEXTBEGIN
1070
    73
1070
     1
1070
    44
1040
1.0
1070
    74
1070
     0
1000
MTEXTEND
  0
MTEXT
  5
2F8
330
2D7
100
AcDbEntity
  8
0
 62
     0
100
AcDbMText
 10
3.75
 20
-3.642787630741245
 30
0.0
210
0.0
220
0.0
230
1.0
 11
1.0
 21
0.0
 31
0.0
 40
0.18
 41
2.38
 46
0.0
 71
     2
 72
     5
  1
SDUIR
  7
Standard
 73
     1
 44
1.0
1001
ACAD
1000
MTEXTBEGIN
1070
    73
1070
     1
1070
    44
1040
1.0
1070
    74
1070
     0
1000
MTEXTEND
  0
MTEXT
  5
2F9
330
2D7
100
AcDbEntity
  8
0
 62
     0
100
AcDbMText
 10
6.25
 20
-3.642787630741245
 30
0.0
210
0.0
220
0.0
230
1.0
 11
1.0
 21
0.0
 31
0.0
 40
0.18
 41
2.38
 46
0.0
 71
     2
 72
     5
  1
G
  7
Standard
 73
     1
 44
1.0
1001
ACAD
1000
MTEXTBEGIN
1070
    73
1070
     1
1070
    44
1040
1.0
1070
    74
1070
     0
1000
MTEXTEND
  0
MTEXT
  5
2FA
330
2D7
100
AcDbEntity
  8
0
 62
     0
100
AcDbMText
 10
8.75
 20
-3.642787630741245
 30
0.0
210
0.0
220
0.0
230
1.0
 11
1.0
 21
0.0
 31
0.0
 40
0.18
 41
2.38
 46
0.0
 71
     2
 72
     5
  1
3RR2G
  7
Standard
 73
     1
 44
1.0
1001
ACAD
1000
MTEXTBEGIN
1070
    73
1070
     1
1070
    44
1040
1.0
1070
    74
1070
     0
1000
MTEXTEND
  0
MTEXT
  5
2FB
330
2D7
100
AcDbEntity
  8
0
 62
     0
100
AcDbMText
 10
1.25
 20
-4.252241928149157
 30
0.0
210
0.0
220
0.0
230
1.0
 11
1.0
 21
0.0
 31
0.0
 40
0.18
 41
2.38
 46
0.0
 71
     2
 72
     5
  1
ANGLE SENSOR MODEL
  7
Standard
 73
     1
 44
1.0
1001
ACAD
1000
MTEXTBEGIN
1070
    73
1070
     1
1070
    44
1040
1.0
1070
    74
1070
     0
1000
MTEXTEND
  0
MTEXT
  5
2FC
330
2D7
100
AcDbEntity
  8
0
 62
     0
100
AcDbMText
 10
3.75
 20
-4.252241928149157
 30
0.0
210
0.0
220
0.0
230
1.0
 11
1.0
 21
0.0
 31
0.0
 40
0.18
 41
2.38
 46
0.0
 71
     2
 72
     5
  1
SGFBD
  7
Standard
 73
     1
 44
1.0
1001
ACAD
1000
MTEXTBEGIN
1070
    73
1070
     1
1070
    44
1040
1.0
1070
    74
1070
     0
1000
MTEXTEND
  0
MTEXT
  5
2FD
330
2D7
100
AcDbEntity
  8
0
 62
     0
100
AcDbMText
 10
6.25
 20
-4.252241928149157
 30
0.0
210
0.0
220
0.0
230
1.0
 11
1.0
 21
0.0
 31
0.0
 40
0.18
 41
2.38
 46
0.0
 71
     2
 72
     5
  1
34
  7
Standard
 73
     1
 44
1.0
1001
ACAD
1000
MTEXTBEGIN
1070
    73
1070
     1
1070
    44
1040
1.0
1070
    74
1070
     0
1000
MTEXTEND
  0
MTEXT
  5
2FE
330
2D7
100
AcDbEntity
  8
0
 62
     0
100
AcDbMText
 10
8.75
 20
-4.252241928149157
 30
0.0
210
0.0
220
0.0
230
1.0
 11
1.0
 21
0.0
 31
0.0
 40
0.18
 41
2.38
 46
0.0
 71
     2
 72
     5
  1
ER
  7
Standard
 73
     1
 44
1.0
1001
ACAD
1000
MTEXTBEGIN
1070
    73
1070
     1
1070
    44
1040
1.0
1070
    74
1070
     0
1000
MTEXTEND
  0
MTEXT
  5
2FF
330
2D7
100
AcDbEntity
  8
0
 62
     0
100
AcDbMText
 10
1.25
 20
-4.86169622555707
 30
0.0
210
0.0
220
0.0
230
1.0
 11
1.0
 21
0.0
 31
0.0
 40
0.18
 41
2.38
 46
0.0
 71
     2
 72
     5
  1
JUNCTION BOX 1 MODEL
  7
Standard
 73
     1
 44
1.0
1001
ACAD
1000
MTEXTBEGIN
1070
    73
1070
     1
1070
    44
1040
1.0
1070
    74
1070
     0
1000
MTEXTEND
  0
MTEXT
  5
300
330
2D7
100
AcDbEntity
  8
0
 62
     0
100
AcDbMText
 10
3.75
 20
-4.86169622555707
 30
0.0
210
0.0
220
0.0
230
1.0
 11
1.0
 21
0.0
 31
0.0
 40
0.18
 41
2.38
 46
0.0
 71
     2
 72
     5
  1
RGGW
  7
Standard
 73
     1
 44
1.0
1001
ACAD
1000
MTEXTBEGIN
1070
    73
1070
     1
1070
    44
1040
1.0
1070
    74
1070
     0
1000
MTEXTEND
  0
MTEXT
  5
301
330
2D7
100
AcDbEntity
  8
0
 62
     0
100
AcDbMText
 10
6.25
 20
-4.86169622555707
 30
0.0
210
0.0
220
0.0
230
1.0
 11
1.0
 21
0.0
 31
0.0
 40
0.18
 41
2.38
 46
0.0
 71
     2
 72
     5
  1
EG
  7
Standard
 73
     1
 44
1.0
1001
ACAD
1000
MTEXTBEGIN
1070
    73
1070
     1
1070
    44
1040
1.0
1070
    74
1070
     0
1000
MTEXTEND
  0
MTEXT
  5
302
330
2D7
100
AcDbEntity
  8
0
 62
     0
100
AcDbMText
 10
8.75
 20
-4.86169622555707
 30
0.0
210
0.0
220
0.0
230
1.0
 11
1.0
 21
0.0
 31
0.0
 40
0.18
 41
2.38
 46
0.0
 71
     2
 72
     5
  1
WE3
  7
Standard
 73
     1
 44
1.0
1001
ACAD
1000
MTEXTBEGIN
1070
    73
1070
     1
1070
    44
1040
1.0
1070
    74
1070
     0
1000
MTEXTEND
  0
MTEXT
  5
303
330
2D7
100
AcDbEntity
  8
0
 62
     0
100
AcDbMText
 10
1.25
 20
-5.471150522964983
 30
0.0
210
0.0
220
0.0
230
1.0
 11
1.0
 21
0.0
 31
0.0
 40
0.18
 41
2.38
 46
0.0
 71
     2
 72
     5
  1
JUNCTION BOX 2 MODEL
  7
Standard
 73
     1
 44
1.0
1001
ACAD
1000
MTEXTBEGIN
1070
    73
1070
     1
1070
    44
1040
1.0
1070
    74
1070
     0
1000
MTEXTEND
  0
MTEXT
  5
304
330
2D7
100
AcDbEntity
  8
0
 62
     0
100
AcDbMText
 10
3.75
 20
-5.471150522964983
 30
0.0
210
0.0
220
0.0
230
1.0
 11
1.0
 21
0.0
 31
0.0
 40
0.18
 41
2.38
 46
0.0
 71
     2
 72
     5
  1
GRGW345
  7
Standard
 73
     1
 44
1.0
1001
ACAD
1000
MTEXTBEGIN
1070
    73
1070
     1
1070
    44
1040
1.0
1070
    74
1070
     0
1000
MTEXTEND
  0
MTEXT
  5
305
330
2D7
100
AcDbEntity
  8
0
 62
     0
100
AcDbMText
 10
6.25
 20
-5.471150522964983
 30
0.0
210
0.0
220
0.0
230
1.0
 11
1.0
 21
0.0
 31
0.0
 40
0.18
 41
2.38
 46
0.0
 71
     2
 72
     5
  1
3
  7
Standard
 73
     1
 44
1.0
1001
ACAD
1000
MTEXTBEGIN
1070
    73
1070
     1
1070
    44
1040
1.0
1070
    74
1070
     0
1000
MTEXTEND
  0
MTEXT
  5
306
330
2D7
100
AcDbEntity
  8
0
 62
     0
100
AcDbMText
 10
8.75
 20
-5.471150522964983
 30
0.0
210
0.0
220
0.0
230
1.0
 11
1.0
 21
0.0
 31
0.0
 40
0.18
 41
2.38
 46
0.0
 71
     2
 72
     5
  1
WER
  7
Standard
 73
     1
 44
1.0
1001
ACAD
1000
MTEXTBEGIN
1070
    73
1070
     1
1070
    44
1040
1.0
1070
    74
1070
     0
1000
MTEXTEND
  0
MTEXT
  5
307
330
2D7
100
AcDbEntity
  8
0
 62
     0
100
AcDbMText
 10
1.25
 20
-6.080604820372896
 30
0.0
210
0.0
220
0.0
230
1.0
 11
1.0
 21
0.0
 31
0.0
 40
0.18
 41
2.38
 46
0.0
 71
     2
 72
     5
  1
JUNCTION BOX 3 MODEL
  7
Standard
 73
     1
 44
1.0
1001
ACAD
1000
MTEXTBEGIN
1070
    73
1070
     1
1070
    44
1040
1.0
1070
    74
1070
     0
1000
MTEXTEND
  0
MTEXT
  5
308
330
2D7
100
AcDbEntity
  8
0
 62
     0
100
AcDbMText
 10
3.75
 20
-6.080604820372896
 30
0.0
210
0.0
220
0.0
230
1.0
 11
1.0
 21
0.0
 31
0.0
 40
0.18
 41
2.38
 46
0.0
 71
     2
 72
     5
  1
ERG35
  7
Standard
 73
     1
 44
1.0
1001
ACAD
1000
MTEXTBEGIN
1070
    73
1070
     1
1070
    44
1040
1.0
1070
    74
1070
     0
1000
MTEXTEND
  0
MTEXT
  5
309
330
2D7
100
AcDbEntity
  8
0
 62
     0
100
AcDbMText
 10
6.25
 20
-6.080604820372896
 30
0.0
210
0.0
220
0.0
230
1.0
 11
1.0
 21
0.0
 31
0.0
 40
0.18
 41
2.38
 46
0.0
 71
     2
 72
     5
  1
5FSD
  7
Standard
 73
     1
 44
1.0
1001
ACAD
1000
MTEXTBEGIN
1070
    73
1070
     1
1070
    44
1040
1.0
1070
    74
1070
     0
1000
MTEXTEND
  0
MTEXT
  5
30A
330
2D7
100
AcDbEntity
  8
0
 62
     0
100
AcDbMText
 10
8.75
 20
-6.080604820372896
 30
0.0
210
0.0
220
0.0
230
1.0
 11
1.0
 21
0.0
 31
0.0
 40
0.18
 41
2.38
 46
0.0
 71
     2
 72
     5
  1
ER
  7
Standard
 73
     1
 44
1.0
1001
ACAD
1000
MTEXTBEGIN
1070
    73
1070
     1
1070
    44
1040
1.0
1070
    74
1070
     0
1000
MTEXTEND
  0
MTEXT
  5
30B
330
2D7
100
AcDbEntity
  8
0
 62
     0
100
AcDbMText
 10
1.25
 20
-6.690059117780809
 30
0.0
210
0.0
220
0.0
230
1.0
 11
1.0
 21
0.0
 31
0.0
 40
0.18
 41
2.38
 46
0.0
 71
     2
 72
     5
  1
BELT LOAD 
  7
Standard
 73
     1
 44
1.0
1001
ACAD
1000
MTEXTBEGIN
1070
    73
1070
     1
1070
    44
1040
1.0
1070
    74
1070
     0
1000
MTEXTEND
  0
MTEXT
  5
30C
330
2D7
100
AcDbEntity
  8
0
 62
     0
100
AcDbMText
 10
3.75
 20
-6.690059117780809
 30
0.0
210
0.0
220
0.0
230
1.0
 11
1.0
 21
0.0
 31
0.0
 40
0.18
 41
2.38
 46
0.0
 71
     2
 72
     5
  1
20
  7
Standard
 73
     1
 44
1.0
1001
ACAD
1000
MTEXTBEGIN
1070
    73
1070
     1
1070
    44
1040
1.0
1070
    74
1070
     0
1000
MTEXTEND
  0
MTEXT
  5
30D
330
2D7
100
AcDbEntity
  8
0
 62
     0
100
AcDbMText
 10
6.25
 20
-6.690059117780809
 30
0.0
210
0.0
220
0.0
230
1.0
 11
1.0
 21
0.0
 31
0.0
 40
0.18
 41
2.38
 46
0.0
 71
     2
 72
     5
  1
65
  7
Standard
 73
     1
 44
1.0
1001
ACAD
1000
MTEXTBEGIN
1070
    73
1070
     1
1070
    44
1040
1.0
1070
    74
1070
     0
1000
MTEXTEND
  0
MTEXT
  5
30E
330
2D7
100
AcDbEntity
  8
0
 62
     0
100
AcDbMText
 10
8.75
 20
-6.690059117780809
 30
0.0
210
0.0
220
0.0
230
1.0
 11
1.0
 21
0.0
 31
0.0
 40
0.18
 41
2.38
 46
0.0
 71
     2
 72
     5
  1
55
  7
Standard
 73
     1
 44
1.0
1001
ACAD
1000
MTEXTBEGIN
1070
    73
1070
     1
1070
    44
1040
1.0
1070
    74
1070
     0
1000
MTEXTEND
  0
MTEXT
  5
30F
330
2D7
100
AcDbEntity
  8
0
 62
     0
100
AcDbMText
 10
1.25
 20
-7.050059117780809
 30
0.0
210
0.0
220
0.0
230
1.0
 11
1.0
 21
0.0
 31
0.0
 40
0.18
 41
2.38
 46
0.0
 71
     2
 72
     5
  1
BELT SPEED
  7
Standard
 73
     1
 44
1.0
1001
ACAD
1000
MTEXTBEGIN
1070
    73
1070
     1
1070
    44
1040
1.0
1070
    74
1070
     0
1000
MTEXTEND
  0
MTEXT
  5
310
330
2D7
100
AcDbEntity
  8
0
 62
     0
100
AcDbMText
 10
3.75
 20
-7.050059117780809
 30
0.0
210
0.0
220
0.0
230
1.0
 11
1.0
 21
0.0
 31
0.0
 40
0.18
 41
2.38
 46
0.0
 71
     2
 72
     5
  1
1
  7
Standard
 73
     1
 44
1.0
1001
ACAD
1000
MTEXTBEGIN
1070
    73
1070
     1
1070
    44
1040
1.0
1070
    74
1070
     0
1000
MTEXTEND
  0
MTEXT
  5
311
330
2D7
100
AcDbEntity
  8
0
 62
     0
100
AcDbMText
 10
6.25
 20
-7.050059117780809
 30
0.0
210
0.0
220
0.0
230
1.0
 11
1.0
 21
0.0
 31
0.0
 40
0.18
 41
2.38
 46
0.0
 71
     2
 72
     5
  1
2
  7
Standard
 73
     1
 44
1.0
1001
ACAD
1000
MTEXTBEGIN
1070
    73
1070
     1
1070
    44
1040
1.0
1070
    74
1070
     0
1000
MTEXTEND
  0
MTEXT
  5
312
330
2D7
100
AcDbEntity
  8
0
 62
     0
100
AcDbMText
 10
8.75
 20
-7.050059117780809
 30
0.0
210
0.0
220
0.0
230
1.0
 11
1.0
 21
0.0
 31
0.0
 40
0.18
 41
2.38
 46
0.0
 71
     2
 72
     5
  1
1
  7
Standard
 73
     1
 44
1.0
1001
ACAD
1000
MTEXTBEGIN
1070
    73
1070
     1
1070
    44
1040
1.0
1070
    74
1070
     0
1000
MTEXTEND
  0
MTEXT
  5
313
330
2D7
100
AcDbEntity
  8
0
 62
     0
100
AcDbMText
 10
1.25
 20
-7.41005911778081
 30
0.0
210
0.0
220
0.0
230
1.0
 11
1.0
 21
0.0
 31
0.0
 40
0.18
 41
2.38
 46
0.0
 71
     2
 72
     5
  1
NO OF ANALOGUE OUTPUT
  7
Standard
 73
     1
 44
1.0
1001
ACAD
1000
MTEXTBEGIN
1070
    73
1070
     1
1070
    44
1040
1.0
1070
    74
1070
     0
1000
MTEXTEND
  0
MTEXT
  5
314
330
2D7
100
AcDbEntity
  8
0
 62
     0
100
AcDbMText
 10
3.75
 20
-7.41005911778081
 30
0.0
210
0.0
220
0.0
230
1.0
 11
1.0
 21
0.0
 31
0.0
 40
0.18
 41
2.38
 46
0.0
 71
     2
 72
     5
  1
2
  7
Standard
 73
     1
 44
1.0
1001
ACAD
1000
MTEXTBEGIN
1070
    73
1070
     1
1070
    44
1040
1.0
1070
    74
1070
     0
1000
MTEXTEND
  0
MTEXT
  5
315
330
2D7
100
AcDbEntity
  8
0
 62
     0
100
AcDbMText
 10
6.25
 20
-7.41005911778081
 30
0.0
210
0.0
220
0.0
230
1.0
 11
1.0
 21
0.0
 31
0.0
 40
0.18
 41
2.38
 46
0.0
 71
     2
 72
     5
  1
1
  7
Standard
 73
     1
 44
1.0
1001
ACAD
1000
MTEXTBEGIN
1070
    73
1070
     1
1070
    44
1040
1.0
1070
    74
1070
     0
1000
MTEXTEND
  0
MTEXT
  5
316
330
2D7
100
AcDbEntity
  8
0
 62
     0
100
AcDbMText
 10
8.75
 20
-7.41005911778081
 30
0.0
210
0.0
220
0.0
230
1.0
 11
1.0
 21
0.0
 31
0.0
 40
0.18
 41
2.38
 46
0.0
 71
     2
 72
     5
  1
1
  7
Standard
 73
     1
 44
1.0
1001
ACAD
1000
MTEXTBEGIN
1070
    73
1070
     1
1070
    44
1040
1.0
1070
    74
1070
     0
1000
MTEXTEND
  0
LINE
  5
317
330
2D7
100
AcDbEntity
  8
0
370
    -2
 62
     0
100
AcDbLine
 10
0.0
 20
0.0
 30
0.0
 11
10.0
 21
0.0
 31
0.0
  0
LINE
  5
318
330
2D7
100
AcDbEntity
  8
0
370
    -2
 62
     0
100
AcDbLine
 10
0.0
 20
-0.4533333333333333
 30
0.0
 11
10.0
 21
-0.4533333333333333
 31
0.0
  0
LINE
  5
319
330
2D7
100
AcDbEntity
  8
0
370
    -2
 62
     0
100
AcDbLine
 10
0.0
 20
-0.8133333333333332
 30
0.0
 11
10.0
 21
-0.8133333333333332
 31
0.0
  0
LINE
  5
31A
330
2D7
100
AcDbEntity
  8
0
370
    -2
 62
     0
100
AcDbLine
 10
0.0
 20
-1.173333333333333
 30
0.0
 11
10.0
 21
-1.173333333333333
 31
0.0
  0
LINE
  5
31B
330
2D7
100
AcDbEntity
  8
0
370
    -2
 62
     0
100
AcDbLine
 10
0.0
 20
-1.533333333333333
 30
0.0
 11
10.0
 21
-1.533333333333333
 31
0.0
  0
LINE
  5
31C
330
2D7
100
AcDbEntity
  8
0
370
    -2
 62
     0
100
AcDbLine
 10
0.0
 20
-1.893333333333333
 30
0.0
 11
10.0
 21
-1.893333333333333
 31
0.0
  0
LINE
  5
31D
330
2D7
100
AcDbEntity
  8
0
370
    -2
 62
     0
100
AcDbLine
 10
0.0
 20
-2.253333333333333
 30
0.0
 11
10.0
 21
-2.253333333333333
 31
0.0
  0
LINE
  5
31E
330
2D7
100
AcDbEntity
  8
0
370
    -2
 62
     0
100
AcDbLine
 10
0.0
 20
-2.613333333333333
 30
0.0
 11
10.0
 21
-2.613333333333333
 31
0.0
  0
LINE
  5
31F
330
2D7
100
AcDbEntity
  8
0
370
    -2
 62
     0
100
AcDbLine
 10
0.0
 20
-3.222787630741245
 30
0.0
 11
10.0
 21
-3.222787630741245
 31
0.0
  0
LINE
  5
320
330
2D7
100
AcDbEntity
  8
0
370
    -2
 62
     0
100
AcDbLine
 10
0.0
 20
-3.582787630741245
 30
0.0
 11
10.0
 21
-3.582787630741245
 31
0.0
  0
LINE
  5
323
330
2D7
100
AcDbEntity
  8
0
370
    -2
 62
     0
100
AcDbLine
 10
0.0
 20
-4.192241928149158
 30
0.0
 11
10.0
 21
-4.192241928149158
 31
0.0
  0
LINE
  5
324
330
2D7
100
AcDbEntity
  8
0
370
    -2
 62
     0
100
AcDbLine
 10
0.0
 20
-4.801696225557071
 30
0.0
 11
10.0
 21
-4.801696225557071
 31
0.0
  0
LINE
  5
325
330
2D7
100
AcDbEntity
  8
0
370
    -2
 62
     0
100
AcDbLine
 10
0.0
 20
-5.411150522964983
 30
0.0
 11
10.0
 21
-5.411150522964983
 31
0.0
  0
LINE
  5
326
330
2D7
100
AcDbEntity
  8
0
370
    -2
 62
     0
100
AcDbLine
 10
0.0
 20
-6.020604820372896
 30
0.0
 11
10.0
 21
-6.020604820372896
 31
0.0
  0
LINE
  5
327
330
2D7
100
AcDbEntity
  8
0
370
    -2
 62
     0
100
AcDbLine
 10
0.0
 20
-6.630059117780809
 30
0.0
 11
10.0
 21
-6.630059117780809
 31
0.0
  0
LINE
  5
328
330
2D7
100
AcDbEntity
  8
0
370
    -2
 62
     0
100
AcDbLine
 10
0.0
 20
-6.99005911778081
 30
0.0
 11
10.0
 21
-6.99005911778081
 31
0.0
  0
LINE
  5
329
330
2D7
100
AcDbEntity
  8
0
370
    -2
 62
     0
100
AcDbLine
 10
0.0
 20
-7.35005911778081
 30
0.0
 11
10.0
 21
-7.35005911778081
 31
0.0
  0
LINE
  5
32A
330
2D7
100
AcDbEntity
  8
0
370
    -2
 62
     0
100
AcDbLine
 10
0.0
 20
-7.959513415188723
 30
0.0
 11
10.0
 21
-7.959513415188723
 31
0.0
  0
LINE
  5
32B
330
2D7
100
AcDbEntity
  8
0
370
    -2
 62
     0
100
AcDbLine
 10
0.0
 20
-8.319513415188723
 30
0.0
 11
10.0
 21
-8.319513415188723
 31
0.0
  0
LINE
  5
32C
330
2D7
100
AcDbEntity
  8
0
370
    -2
 62
     0
100
AcDbLine
 10
0.0
 20
-8.679513415188723
 30
0.0
 11
10.0
 21
-8.679513415188723
 31
0.0
  0
LINE
  5
32D
330
2D7
100
AcDbEntity
  8
0
370
    -2
 62
     0
100
AcDbLine
 10
0.0
 20
-9.039513415188722
 30
0.0
 11
10.0
 21
-9.039513415188722
 31
0.0
  0
LINE
  5
32E
330
2D7
100
AcDbEntity
  8
0
370
    -2
 62
     0
100
AcDbLine
 10
0.0
 20
-9.399513415188721
 30
0.0
 11
10.0
 21
-9.399513415188721
 31
0.0
  0
LINE
  5
32F
330
2D7
100
AcDbEntity
  8
0
370
    -2
 62
     0
100
AcDbLine
 10
0.0
 20
0.0
 30
0.0
 11
0.0
 21
-9.399513415188721
 31
0.0
  0
LINE
  5
330
330
2D7
100
AcDbEntity
  8
0
370
    -2
 62
     0
100
AcDbLine
 10
10.0
 20
0.0
 30
0.0
 11
10.0
 21
-9.399513415188721
 31
0.0
  0
LINE
  5
331
330
2D7
100
AcDbEntity
  8
0
370
    -2
 62
     0
100
AcDbLine
 10
2.5
 20
-0.4533333333333333
 30
0.0
 11
2.5
 21
-9.399513415188721
 31
0.0
  0
LINE
  5
332
330
2D7
100
AcDbEntity
  8
0
370
    -2
 62
     0
100
AcDbLine
 10
5.0
 20
-0.4533333333333333
 30
0.0
 11
5.0
 21
-9.399513415188721
 31
0.0
  0
LINE
  5
333
330
2D7
100
AcDbEntity
  8
0
370
    -2
 62
     0
100
AcDbLine
 10
7.5
 20
-0.4533333333333333
 30
0.0
 11
7.5
 21
-9.399513415188721
 31
0.0
  0
LINE
  5
334
330
2D7
100
AcDbEntity
  8
Defpoints
370
     0
 62
     8
 60
     1
100
AcDbLine
 10
0.0
 20
0.0
 30
0.0
 11
0.0
 21
0.0
 31
0.0
  0
ENDBLK
  5
322
330
2D7
100
AcDbEntity
  8
0
100
AcDbBlockEnd
  0
ENDSEC
  0
SECTION
  2
ENTITIES
  0
ENDSEC
  0
SECTION
  2
OBJECTS
  0
DICTIONARY
  5
C
330
0
100
AcDbDictionary
281
     1
  3
ACAD_CIP_PREVIOUS_PRODUCT_INFO
350
191
  3
ACAD_COLOR
350
6C
  3
ACAD_DETAILVIEWSTYLE
350
1D9
  3
ACAD_GROUP
350
D
  3
ACAD_LAYOUT
350
1A
  3
ACAD_MATERIAL
350
6B
  3
ACAD_MLEADERSTYLE
350
CC
  3
ACAD_MLINESTYLE
350
17
  3
ACAD_PLOTSETTINGS
350
19
  3
ACAD_PLOTSTYLENAME
350
E
  3
ACAD_SCALELIST
350
A6
  3
ACAD_SECTIONVIEWSTYLE
350
1D6
  3
ACAD_TABLESTYLE
350
92
  3
ACAD_VISUALSTYLE
350
14E
  3
AcDbVariableDictionary
350
59
  0
DICTIONARY
  5
D
102
{ACAD_REACTORS
330
C
102
}
330
C
100
AcDbDictionary
281
     1
  0
ACDBDICTIONARYWDFLT
  5
E
102
{ACAD_REACTORS
330
C
102
}
330
C
100
AcDbDictionary
281
     1
  3
Normal
350
F
100
AcDbDictionaryWithDefault
340
F
  0
ACDBPLACEHOLDER
  5
F
102
{ACAD_REACTORS
330
E
102
}
330
E
  0
DICTIONARY
  5
17
102
{ACAD_REACTORS
330
C
102
}
330
C
100
AcDbDictionary
281
     1
  3
Standard
350
18
  0
MLINESTYLE
  5
18
102
{ACAD_REACTORS
330
17
102
}
330
17
100
AcDbMlineStyle
  2
STANDARD
 70
     0
  3

 62
     0
 51
90.0
 52
90.0
 71
     2
 49
0.5
 62
     0
  6
BYLAYER
 49
-0.5
 62
     0
  6
BYLAYER
  0
DICTIONARY
  5
19
102
{ACAD_REACTORS
330
C
102
}
330
C
100
AcDbDictionary
281
     1
  0
DICTIONARY
  5
1A
102
{ACAD_REACTORS
330
C
102
}
330
C
100
AcDbDictionary
281
     1
  3
Layout1
350
1CD
  3
Layout2
350
1D2
  3
Model
350
22
  0
LAYOUT
  5
22
102
{ACAD_REACTORS
330
1A
102
}
330
1A
100
AcDbPlotSettings
  1

  2
none_device
  4
Letter_(8.50_x_11.00_Inches)
  6

 40
6.349999904632568
 41
6.349999904632568
 42
6.350006103515625
 43
6.350006103515625
 44
215.8999938964844
 45
279.3999938964844
 46
0.0
 47
0.0
 48
0.0
 49
0.0
140
0.0
141
0.0
142
1.0
143
4.295634387151658
 70
 11952
 72
     0
 73
     0
 74
     0
  7

 75
     0
147
0.2327944861860272
148
121.9009075683386
149
-21.53025335621487
 76
     0
 77
     2
 78
   300
333
0
100
AcDbLayout
  1
Model
 70
     1
 71
     0
 10
0.0
 20
0.0
 11
12.0
 21
9.0
 12
0.0
 22
0.0
 32
0.0
 14
0.0
 24
0.0
 34
0.0
 15
12.0
 25
9.0
 35
0.0
146
0.0
 13
0.0
 23
0.0
 33
0.0
 16
1.0
 26
0.0
 36
0.0
 17
0.0
 27
1.0
 37
0.0
 76
     0
330
1F
331
1BB
1001
ACAD_PSEXT
1000
None
1000
None
1000
Not applicable
1000
Select a new plotter configuration name to plot the layout.
1070
     0
  0
DICTIONARY
  5
59
102
{ACAD_REACTORS
330
C
102
}
330
C
100
AcDbDictionary
281
     1
  3
CANNOSCALE
350
CB
  3
CMLEADERSTYLE
350
DA
  3
CTABLESTYLE
350
98
  3
CVIEWDETAILSTYLE
350
1F8
  3
CVIEWSECTIONSTYLE
350
1F9
  3
DIMASSOC
350
9A
  3
HIDETEXT
350
5E
  3
XCLIPFRAME
350
D0
  0
DICTIONARYVAR
  5
5E
102
{ACAD_REACTORS
330
59
102
}
330
59
100
DictionaryVariables
280
     0
  1
1
  0
DICTIONARY
  5
6B
102
{ACAD_REACTORS
330
C
102
}
330
C
100
AcDbDictionary
281
     1
  3
ByBlock
350
13E
  3
ByLayer
350
136
  3
Global
350
146
  0
DICTIONARY
  5
6C
102
{ACAD_REACTORS
330
C
102
}
330
C
100
AcDbDictionary
281
     1
  0
DICTIONARY
  5
92
102
{ACAD_REACTORS
330
C
102
}
330
C
100
AcDbDictionary
281
     1
  3
Standard
350
93
  0
DICTIONARYVAR
  5
98
102
{ACAD_REACTORS
330
59
102
}
330
59
100
DictionaryVariables
280
     0
  1
STANDARD
  0
DICTIONARYVAR
  5
9A
102
{ACAD_REACTORS
330
59
102
}
330
59
100
DictionaryVariables
280
     0
  1
2
  0
DICTIONARY
  5
A6
102
{ACAD_REACTORS
330
C
102
}
330
C
100
AcDbDictionary
281
     1
  3
A0
350
A7
  3
A1
350
A8
  3
A2
350
A9
  3
A3
350
AA
  3
A4
350
AB
  3
A5
350
AC
  3
A6
350
AD
  3
A7
350
AE
  3
A8
350
AF
  3
A9
350
B0
  3
B0
350
B1
  3
B1
350
B2
  3
B2
350
B3
  3
B3
350
B4
  3
B4
350
B5
  3
B5
350
B6
  3
B6
350
B7
  3
B7
350
B8
  3
B8
350
B9
  3
B9
350
BA
  3
C0
350
BB
  3
C1
350
BC
  3
C2
350
BD
  3
C3
350
BE
  3
C4
350
BF
  3
C5
350
C0
  3
C6
350
C1
  3
C7
350
C2
  3
C8
350
C3
  3
C9
350
C4
  3
D0
350
C5
  3
D1
350
C6
  3
D2
350
C7
  0
SCALE
  5
A7
102
{ACAD_REACTORS
330
A6
102
}
330
A6
100
AcDbScale
 70
     0
300
1:1
140
1.0
141
1.0
290
     1
  0
SCALE
  5
A8
102
{ACAD_REACTORS
330
A6
102
}
330
A6
100
AcDbScale
 70
     0
300
1:2
140
1.0
141
2.0
290
     0
  0
SCALE
  5
A9
102
{ACAD_REACTORS
330
A6
102
}
330
A6
100
AcDbScale
 70
     0
300
1:4
140
1.0
141
4.0
290
     0
  0
SCALE
  5
AA
102
{ACAD_REACTORS
330
A6
102
}
330
A6
100
AcDbScale
 70
     0
300
1:5
140
1.0
141
5.0
290
     0
  0
SCALE
  5
AB
102
{ACAD_REACTORS
330
A6
102
}
330
A6
100
AcDbScale
 70
     0
300
1:8
140
1.0
141
8.0
290
     0
  0
SCALE
  5
AC
102
{ACAD_REACTORS
330
A6
102
}
330
A6
100
AcDbScale
 70
     0
300
1:10
140
1.0
141
10.0
290
     0
  0
SCALE
  5
AD
102
{ACAD_REACTORS
330
A6
102
}
330
A6
100
AcDbScale
 70
     0
300
1:16
140
1.0
141
16.0
290
     0
  0
SCALE
  5
AE
102
{ACAD_REACTORS
330
A6
102
}
330
A6
100
AcDbScale
 70
     0
300
1:20
140
1.0
141
20.0
290
     0
  0
SCALE
  5
AF
102
{ACAD_REACTORS
330
A6
102
}
330
A6
100
AcDbScale
 70
     0
300
1:30
140
1.0
141
30.0
290
     0
  0
SCALE
  5
B0
102
{ACAD_REACTORS
330
A6
102
}
330
A6
100
AcDbScale
 70
     0
300
1:40
140
1.0
141
40.0
290
     0
  0
SCALE
  5
B1
102
{ACAD_REACTORS
330
A6
102
}
330
A6
100
AcDbScale
 70
     0
300
1:50
140
1.0
141
50.0
290
     0
  0
SCALE
  5
B2
102
{ACAD_REACTORS
330
A6
102
}
330
A6
100
AcDbScale
 70
     0
300
1:100
140
1.0
141
100.0
290
     0
  0
SCALE
  5
B3
102
{ACAD_REACTORS
330
A6
102
}
330
A6
100
AcDbScale
 70
     0
300
2:1
140
2.0
141
1.0
290
     0
  0
SCALE
  5
B4
102
{ACAD_REACTORS
330
A6
102
}
330
A6
100
AcDbScale
 70
     0
300
4:1
140
4.0
141
1.0
290
     0
  0
SCALE
  5
B5
102
{ACAD_REACTORS
330
A6
102
}
330
A6
100
AcDbScale
 70
     0
300
8:1
140
8.0
141
1.0
290
     0
  0
SCALE
  5
B6
102
{ACAD_REACTORS
330
A6
102
}
330
A6
100
AcDbScale
 70
     0
300
10:1
140
10.0
141
1.0
290
     0
  0
SCALE
  5
B7
102
{ACAD_REACTORS
330
A6
102
}
330
A6
100
AcDbScale
 70
     0
300
100:1
140
100.0
141
1.0
290
     0
  0
SCALE
  5
B8
102
{ACAD_REACTORS
330
A6
102
}
330
A6
100
AcDbScale
 70
     0
300
1/128" = 1'-0"
140
0.0078125
141
12.0
290
     0
  0
SCALE
  5
B9
102
{ACAD_REACTORS
330
A6
102
}
330
A6
100
AcDbScale
 70
     0
300
1/64" = 1'-0"
140
0.015625
141
12.0
290
     0
  0
SCALE
  5
BA
102
{ACAD_REACTORS
330
A6
102
}
330
A6
100
AcDbScale
 70
     0
300
1/32" = 1'-0"
140
0.03125
141
12.0
290
     0
  0
SCALE
  5
BB
102
{ACAD_REACTORS
330
A6
102
}
330
A6
100
AcDbScale
 70
     0
300
1/16" = 1'-0"
140
0.0625
141
12.0
290
     0
  0
SCALE
  5
BC
102
{ACAD_REACTORS
330
A6
102
}
330
A6
100
AcDbScale
 70
     0
300
3/32" = 1'-0"
140
0.09375
141
12.0
290
     0
  0
SCALE
  5
BD
102
{ACAD_REACTORS
330
A6
102
}
330
A6
100
AcDbScale
 70
     0
300
1/8" = 1'-0"
140
0.125
141
12.0
290
     0
  0
SCALE
  5
BE
102
{ACAD_REACTORS
330
A6
102
}
330
A6
100
AcDbScale
 70
     0
300
3/16" = 1'-0"
140
0.1875
141
12.0
290
     0
  0
SCALE
  5
BF
102
{ACAD_REACTORS
330
A6
102
}
330
A6
100
AcDbScale
 70
     0
300
1/4" = 1'-0"
140
0.25
141
12.0
290
     0
  0
SCALE
  5
C0
102
{ACAD_REACTORS
330
A6
102
}
330
A6
100
AcDbScale
 70
     0
300
3/8" = 1'-0"
140
0.375
141
12.0
290
     0
  0
SCALE
  5
C1
102
{ACAD_REACTORS
330
A6
102
}
330
A6
100
AcDbScale
 70
     0
300
1/2" = 1'-0"
140
0.5
141
12.0
290
     0
  0
SCALE
  5
C2
102
{ACAD_REACTORS
330
A6
102
}
330
A6
100
AcDbScale
 70
     0
300
3/4" = 1'-0"
140
0.75
141
12.0
290
     0
  0
SCALE
  5
C3
102
{ACAD_REACTORS
330
A6
102
}
330
A6
100
AcDbScale
 70
     0
300
1" = 1'-0"
140
1.0
141
12.0
290
     0
  0
SCALE
  5
C4
102
{ACAD_REACTORS
330
A6
102
}
330
A6
100
AcDbScale
 70
     0
300
1-1/2" = 1'-0"
140
1.5
141
12.0
290
     0
  0
SCALE
  5
C5
102
{ACAD_REACTORS
330
A6
102
}
330
A6
100
AcDbScale
 70
     0
300
3" = 1'-0"
140
3.0
141
12.0
290
     0
  0
SCALE
  5
C6
102
{ACAD_REACTORS
330
A6
102
}
330
A6
100
AcDbScale
 70
     0
300
6" = 1'-0"
140
6.0
141
12.0
290
     0
  0
SCALE
  5
C7
102
{ACAD_REACTORS
330
A6
102
}
330
A6
100
AcDbScale
 70
     0
300
1'-0" = 1'-0"
140
12.0
141
12.0
290
     0
  0
DICTIONARYVAR
  5
CB
102
{ACAD_REACTORS
330
59
102
}
330
59
100
DictionaryVariables
280
     0
  1
1:1
  0
DICTIONARY
  5
CC
102
{ACAD_REACTORS
330
C
102
}
330
C
100
AcDbDictionary
281
     1
  3
Annotative
350
207
  3
Standard
350
CF
  0
DICTIONARYVAR
  5
D0
102
{ACAD_REACTORS
330
59
102
}
330
59
100
DictionaryVariables
280
     0
  1
2
  0
DICTIONARYVAR
  5
DA
102
{ACAD_REACTORS
330
59
102
}
330
59
100
DictionaryVariables
280
     0
  1
STANDARD
  0
DICTIONARY
  5
F6
330
2
100
AcDbDictionary
280
     1
281
     1
  3
ACAD_LAYERSTATES
360
F7
  0
DICTIONARY
  5
F7
102
{ACAD_REACTORS
330
F6
102
}
330
F6
100
AcDbDictionary
281
     1
  0
DICTIONARY
  5
14E
102
{ACAD_REACTORS
330
C
102
}
330
C
100
AcDbDictionary
281
     1
  3
2dWireframe
350
154
  3
3D Hidden
350
156
  3
3dWireframe
350
155
  3
Basic
350
153
  3
Brighten
350
15A
  3
ColorChange
350
15E
  3
Conceptual
350
157
  3
Dim
350
159
  3
EdgeColorOff
350
161
  3
Facepattern
350
15D
  3
Flat
350
14F
  3
FlatWithEdges
350
150
  3
Gouraud
350
151
  3
GouraudWithEdges
350
152
  3
Hidden
350
185
  3
JitterOff
350
15F
  3
Linepattern
350
15C
  3
OverhangOff
350
160
  3
Realistic
350
158
  3
Shaded
350
18A
  3
Shaded with edges
350
189
  3
Shades of Gray
350
186
  3
Sketchy
350
187
  3
Thicken
350
15B
  3
Wireframe
350
184
  3
X-Ray
350
188
  0
VISUALSTYLE
  5
14F
102
{ACAD_REACTORS
330
14E
102
}
330
14E
100
AcDbVisualStyle
  2
Flat
 70
     0
177
     2
291
     1
 70
    58
 90
        2
176
     1
 90
        1
176
     1
 90
        1
176
     1
 90
        2
176
     1
 40
0.6
176
     1
 40
30.0
176
     1
 62
     7
420
-1023410177
176
     1
 90
        0
176
     1
 90
        4
176
     1
 62
     7
176
     1
 62
   257
176
     1
 90
        1
176
     1
 90
        1
176
     1
 40
1.0
176
     1
 90
        8
176
     1
 62
     7
176
     1
 40
1.0
176
     1
 90
        1
176
     1
 90
        6
176
     1
 90
        2
176
     1
 62
     7
176
     1
 90
        5
176
     1
 90
        0
176
     1
 90
        0
176
     1
290
     0
176
     1
 90
       13
176
     1
 40
0.0
176
     1
 90
        0
176
     1
290
     0
176
     1
290
     1
176
     1
290
     1
176
     1
290
     0
290
     0
176
     1
290
     0
290
     0
176
     1
290
     0
176
     1
290
     0
176
     1
 90
       50
176
     1
 40
0.0
176
     1
 40
1.0
176
     1
 90
        0
176
     1
 62
     0
420
-1040187392
176
     1
 90
       50
176
     1
 90
        3
176
     1
 62
     5
420
-1040187137
176
     1
290
     0
176
     1
 90
       50
176
     1
 90
       50
176
     1
 90
       50
176
     1
290
     0
176
     1
 90
       50
176
     1
 62
     0
176
     0
 40
1.0
176
     0
 90
        2
176
     1
  1
strokes_ogs.tif
176
     1
290
     0
176
     1
 40
1.0
176
     1
 40
1.0
176
     1
  0
VISUALSTYLE
  5
150
102
{ACAD_REACTORS
330
14E
102
}
330
14E
100
AcDbVisualStyle
  2
FlatWithEdges
 70
     1
177
     2
291
     1
 70
    58
 90
        2
176
     1
 90
        1
176
     1
 90
        1
176
     1
 90
        2
176
     1
 40
0.6
176
     1
 40
30.0
176
     1
 62
     7
420
-1023410177
176
     1
 90
        1
176
     1
 90
        4
176
     1
 62
     7
176
     1
 62
   257
176
     1
 90
        1
176
     1
 90
        1
176
     1
 40
1.0
176
     1
 90
        0
176
     1
 62
   257
176
     1
 40
1.0
176
     1
 90
        1
176
     1
 90
        6
176
     1
 90
        2
176
     1
 62
     7
176
     1
 90
        5
176
     1
 90
        0
176
     1
 90
        0
176
     1
290
     0
176
     1
 90
       13
176
     1
 40
0.0
176
     1
 90
        0
176
     1
290
     0
176
     1
290
     1
176
     1
290
     1
176
     1
290
     0
290
     0
176
     1
290
     0
290
     0
176
     1
290
     0
176
     1
290
     0
176
     1
 90
       50
176
     1
 40
0.0
176
     1
 40
1.0
176
     1
 90
        0
176
     1
 62
     0
420
-1040187392
176
     1
 90
       50
176
     1
 90
        3
176
     1
 62
     5
420
-1040187137
176
     1
290
     0
176
     1
 90
       50
176
     1
 90
       50
176
     1
 90
       50
176
     1
290
     0
176
     1
 90
       50
176
     1
 62
     0
176
     0
 40
1.0
176
     0
 90
        2
176
     1
  1
strokes_ogs.tif
176
     1
290
     0
176
     1
 40
1.0
176
     1
 40
1.0
176
     1
  0
VISUALSTYLE
  5
151
102
{ACAD_REACTORS
330
14E
102
}
330
14E
100
AcDbVisualStyle
  2
Gouraud
 70
     2
177
     2
291
     1
 70
    58
 90
        2
176
     1
 90
        2
176
     1
 90
        1
176
     1
 90
        2
176
     1
 40
0.6
176
     1
 40
30.0
176
     1
 62
     7
420
-1023410177
176
     1
 90
        0
176
     1
 90
        4
176
     1
 62
     7
176
     1
 62
   257
176
     1
 90
        1
176
     1
 90
        1
176
     1
 40
1.0
176
     1
 90
        0
176
     1
 62
     7
176
     1
 40
1.0
176
     1
 90
        1
176
     1
 90
        6
176
     1
 90
        2
176
     1
 62
     7
176
     1
 90
        5
176
     1
 90
        0
176
     1
 90
        0
176
     1
290
     0
176
     1
 90
       13
176
     1
 40
0.0
176
     1
 90
        0
176
     1
290
     0
176
     1
290
     1
176
     1
290
     1
176
     1
290
     0
290
     0
176
     1
290
     0
290
     0
176
     1
290
     0
176
     1
290
     0
176
     1
 90
       50
176
     1
 40
0.0
176
     1
 40
1.0
176
     1
 90
        0
176
     1
 62
     0
420
-1040187392
176
     1
 90
       50
176
     1
 90
        3
176
     1
 62
     5
420
-1040187137
176
     1
290
     0
176
     1
 90
       50
176
     1
 90
       50
176
     1
 90
       50
176
     1
290
     0
176
     1
 90
       50
176
     1
 62
     0
176
     0
 40
1.0
176
     0
 90
        0
176
     1
  1
strokes_ogs.tif
176
     1
290
     0
176
     1
 40
1.0
176
     1
 40
1.0
176
     1
  0
VISUALSTYLE
  5
152
102
{ACAD_REACTORS
330
14E
102
}
330
14E
100
AcDbVisualStyle
  2
GouraudWithEdges
 70
     3
177
     2
291
     1
 70
    58
 90
        2
176
     1
 90
        2
176
     1
 90
        1
176
     1
 90
        2
176
     1
 40
0.6
176
     1
 40
30.0
176
     1
 62
     7
420
-1023410177
176
     1
 90
        1
176
     1
 90
        4
176
     1
 62
     7
176
     1
 62
   257
176
     1
 90
        1
176
     1
 90
        1
176
     1
 40
1.0
176
     1
 90
        0
176
     1
 62
   257
176
     1
 40
1.0
176
     1
 90
        1
176
     1
 90
        6
176
     1
 90
        2
176
     1
 62
     7
176
     1
 90
        5
176
     1
 90
        0
176
     1
 90
        0
176
     1
290
     0
176
     1
 90
       13
176
     1
 40
0.0
176
     1
 90
        0
176
     1
290
     0
176
     1
290
     1
176
     1
290
     1
176
     1
290
     0
290
     0
176
     1
290
     0
290
     0
176
     1
290
     0
176
     1
290
     0
176
     1
 90
       50
176
     1
 40
0.0
176
     1
 40
1.0
176
     1
 90
        0
176
     1
 62
     0
420
-1040187392
176
     1
 90
       50
176
     1
 90
        3
176
     1
 62
     5
420
-1040187137
176
     1
290
     0
176
     1
 90
       50
176
     1
 90
       50
176
     1
 90
       50
176
     1
290
     0
176
     1
 90
       50
176
     1
 62
     0
176
     0
 40
1.0
176
     0
 90
        0
176
     1
  1
strokes_ogs.tif
176
     1
290
     0
176
     1
 40
1.0
176
     1
 40
1.0
176
     1
  0
VISUALSTYLE
  5
153
102
{ACAD_REACTORS
330
14E
102
}
330
14E
100
AcDbVisualStyle
  2
Basic
 70
     7
177
     2
291
     1
 70
    58
 90
        1
176
     1
 90
        0
176
     1
 90
        1
176
     1
 90
        0
176
     1
 40
0.6
176
     1
 40
30.0
176
     1
 62
     7
420
-1023410177
176
     1
 90
        0
176
     1
 90
        4
176
     1
 62
     7
176
     1
 62
   257
176
     1
 90
        1
176
     1
 90
        1
176
     1
 40
1.0
176
     1
 90
        8
176
     1
 62
     7
176
     1
 40
1.0
176
     1
 90
        1
176
     1
 90
        6
176
     1
 90
        2
176
     1
 62
     7
176
     1
 90
        5
176
     1
 90
        0
176
     1
 90
        0
176
     1
290
     0
176
     1
 90
        1
176
     1
 40
0.0
176
     1
 90
        0
176
     1
290
     0
176
     1
290
     1
176
     1
290
     1
176
     1
290
     0
290
     0
176
     1
290
     0
290
     0
176
     1
290
     0
176
     1
290
     0
176
     1
 90
       50
176
     1
 40
0.0
176
     1
 40
1.0
176
     1
 90
        0
176
     1
 62
     0
420
-1040187392
176
     1
 90
       50
176
     1
 90
        3
176
     1
 62
     5
420
-1040187137
176
     1
290
     0
176
     1
 90
       50
176
     1
 90
       50
176
     1
 90
       50
176
     1
290
     0
176
     1
 90
       50
176
     1
 62
     0
176
     0
 40
1.0
176
     0
 90
        0
176
     1
  1
strokes_ogs.tif
176
     1
290
     0
176
     1
 40
1.0
176
     1
 40
1.0
176
     1
  0
VISUALSTYLE
  5
154
102
{ACAD_REACTORS
330
14E
102
}
330
14E
100
AcDbVisualStyle
  2
2dWireframe
 70
     4
177
     2
291
     0
 70
    58
 90
        0
176
     1
 90
        2
176
     1
 90
        0
176
     1
 90
        0
176
     1
 40
0.6
176
     1
 40
30.0
176
     1
 62
     7
420
-1023410177
176
     1
 90
        1
176
     1
 90
        4
176
     1
 62
     7
176
     1
 62
   257
176
     1
 90
        1
176
     1
 90
        1
176
     1
 40
1.0
176
     1
 90
        0
176
     1
 62
   257
176
     1
 40
1.0
176
     1
 90
        1
176
     1
 90
        6
176
     1
 90
        2
176
     1
 62
     7
176
     1
 90
        5
176
     1
 90
        0
176
     1
 90
        0
176
     1
290
     0
176
     1
 90
        1
176
     1
 40
0.0
176
     1
 90
        0
176
     1
290
     1
176
     1
290
     1
176
     1
290
     0
176
     1
290
     0
290
     0
176
     1
290
     0
290
     0
176
     1
290
     0
176
     1
290
     0
176
     1
 90
       50
176
     1
 40
0.0
176
     1
 40
1.0
176
     1
 90
        0
176
     1
 62
     0
420
-1040187392
176
     1
 90
       50
176
     1
 90
        3
176
     1
 62
     5
420
-1040187137
176
     1
290
     0
176
     1
 90
       50
176
     1
 90
       50
176
     1
 90
       50
176
     1
290
     0
176
     1
 90
       50
176
     1
 62
     0
176
     0
 40
1.0
176
     0
 90
        0
176
     1
  1
strokes_ogs.tif
176
     1
290
     0
176
     1
 40
1.0
176
     1
 40
1.0
176
     1
  0
VISUALSTYLE
  5
155
102
{ACAD_REACTORS
330
14E
102
}
330
14E
100
AcDbVisualStyle
  2
3dWireframe
 70
     5
177
     2
291
     0
 70
    58
 90
        0
176
     1
 90
        2
176
     1
 90
        0
176
     1
 90
        0
176
     1
 40
0.6
176
     1
 40
30.0
176
     1
 62
     7
420
-1023410177
176
     1
 90
        1
176
     1
 90
        4
176
     1
 62
     7
176
     1
 62
   257
176
     1
 90
        1
176
     1
 90
        1
176
     1
 40
1.0
176
     1
 90
        0
176
     1
 62
   257
176
     1
 40
1.0
176
     1
 90
        1
176
     1
 90
        6
176
     1
 90
        2
176
     1
 62
     7
176
     1
 90
        5
176
     1
 90
        0
176
     1
 90
        0
176
     1
290
     0
176
     1
 90
        1
176
     1
 40
0.0
176
     1
 90
        0
176
     1
290
     0
176
     1
290
     1
176
     1
290
     1
176
     1
290
     0
290
     0
176
     1
290
     0
290
     0
176
     1
290
     0
176
     1
290
     0
176
     1
 90
       50
176
     1
 40
0.0
176
     1
 40
1.0
176
     1
 90
        0
176
     1
 62
     0
420
-1040187392
176
     1
 90
       50
176
     1
 90
        3
176
     1
 62
     5
420
-1040187137
176
     1
290
     0
176
     1
 90
       50
176
     1
 90
       50
176
     1
 90
       50
176
     1
290
     0
176
     1
 90
       50
176
     1
 62
     0
176
     0
 40
1.0
176
     0
 90
        0
176
     1
  1
strokes_ogs.tif
176
     1
290
     0
176
     1
 40
1.0
176
     1
 40
1.0
176
     1
  0
VISUALSTYLE
  5
156
102
{ACAD_REACTORS
330
14E
102
}
330
14E
100
AcDbVisualStyle
  2
3D Hidden
 70
     6
177
     2
291
     0
 70
    58
 90
        1
176
     1
 90
        2
176
     1
 90
        2
176
     1
 90
        0
176
     1
 40
0.6
176
     1
 40
30.0
176
     1
 62
     7
420
-1023410177
176
     1
 90
        2
176
     1
 90
        2
176
     1
 62
     7
176
     1
 62
   257
176
     1
 90
        2
176
     1
 90
        1
176
     1
 40
179.0
176
     1
 90
        0
176
     1
 62
   257
176
     1
 40
1.0
176
     1
 90
        1
176
     1
 90
        6
176
     1
 90
        2
176
     1
 62
     7
176
     1
 90
        3
176
     1
 90
        0
176
     1
 90
        0
176
     1
290
     0
176
     1
 90
        1
176
     1
 40
0.0
176
     1
 90
        0
176
     1
290
     0
176
     1
290
     1
176
     1
290
     1
176
     1
290
     0
290
     0
176
     1
290
     0
290
     0
176
     1
290
     0
176
     1
290
     0
176
     1
 90
       50
176
     1
 40
0.0
176
     1
 40
1.0
176
     1
 90
        0
176
     1
 62
     0
420
-1040187392
176
     1
 90
       50
176
     1
 90
        3
176
     1
 62
     5
420
-1040187137
176
     1
290
     0
176
     1
 90
       50
176
     1
 90
       50
176
     1
 90
       50
176
     1
290
     0
176
     1
 90
       50
176
     1
 62
     0
176
     0
 40
1.0
176
     0
 90
        0
176
     1
  1
strokes_ogs.tif
176
     1
290
     0
176
     1
 40
1.0
176
     1
 40
1.0
176
     1
  0
VISUALSTYLE
  5
157
102
{ACAD_REACTORS
330
14E
102
}
330
14E
100
AcDbVisualStyle
  2
Conceptual
 70
     9
177
     2
291
     0
 70
    58
 90
        3
176
     1
 90
        2
176
     1
 90
        0
176
     1
 90
        0
176
     1
 40
0.6
176
     1
 40
30.0
176
     1
 62
     7
420
-1023410177
176
     1
 90
        2
176
     1
 90
        2
176
     1
 62
     7
176
     1
 62
   257
176
     1
 90
        1
176
     1
 90
        1
176
     1
 40
179.0
176
     1
 90
        8
176
     1
 62
     7
176
     1
 40
1.0
176
     1
 90
        1
176
     1
 90
        6
176
     1
 90
        2
176
     1
 62
     7
176
     1
 90
        3
176
     1
 90
        0
176
     1
 90
        0
176
     1
290
     0
176
     1
 90
        1
176
     1
 40
0.0
176
     1
 90
        0
176
     1
290
     0
176
     1
290
     1
176
     1
290
     1
176
     1
290
     0
290
     0
176
     1
290
     0
290
     0
176
     1
290
     0
176
     1
290
     0
176
     1
 90
       50
176
     1
 40
0.0
176
     1
 40
1.0
176
     1
 90
        0
176
     1
 62
     0
420
-1040187392
176
     1
 90
       50
176
     1
 90
        3
176
     1
 62
     5
420
-1040187137
176
     1
290
     0
176
     1
 90
       50
176
     1
 90
       50
176
     1
 90
       50
176
     1
290
     0
176
     1
 90
       50
176
     1
 62
     0
176
     0
 40
1.0
176
     0
 90
        0
176
     1
  1
strokes_ogs.tif
176
     1
290
     0
176
     1
 40
1.0
176
     1
 40
1.0
176
     1
  0
VISUALSTYLE
  5
158
102
{ACAD_REACTORS
330
14E
102
}
330
14E
100
AcDbVisualStyle
  2
Realistic
 70
     8
177
     2
291
     0
 70
    58
 90
        2
176
     1
 90
        2
176
     1
 90
        0
176
     1
 90
        0
176
     1
 40
0.6
176
     1
 40
30.0
176
     1
 62
     7
420
-1023410177
176
     1
 90
        1
176
     1
 90
        0
176
     1
 62
     7
176
     1
 62
   257
176
     1
 90
        1
176
     1
 90
        1
176
     1
 40
1.0
176
     1
 90
        8
176
     1
 62
   256
420
-1032292232
176
     1
 40
1.0
176
     1
 90
        1
176
     1
 90
        6
176
     1
 90
        2
176
     1
 62
     7
176
     1
 90
        5
176
     1
 90
        0
176
     1
 90
        0
176
     1
290
     0
176
     1
 90
       13
176
     1
 40
0.0
176
     1
 90
        0
176
     1
290
     0
176
     1
290
     1
176
     1
290
     1
176
     1
290
     0
290
     0
176
     1
290
     0
290
     0
176
     1
290
     0
176
     1
290
     0
176
     1
 90
       50
176
     1
 40
0.0
176
     1
 40
1.0
176
     1
 90
        0
176
     1
 62
     0
420
-1040187392
176
     1
 90
       50
176
     1
 90
        3
176
     1
 62
     5
420
-1040187137
176
     1
290
     0
176
     1
 90
       50
176
     1
 90
       50
176
     1
 90
       50
176
     1
290
     0
176
     1
 90
       50
176
     1
 62
     0
176
     0
 40
1.0
176
     0
 90
        0
176
     1
  1
strokes_ogs.tif
176
     1
290
     0
176
     1
 40
1.0
176
     1
 40
1.0
176
     1
  0
VISUALSTYLE
  5
159
102
{ACAD_REACTORS
330
14E
102
}
330
14E
100
AcDbVisualStyle
  2
Dim
 70
    11
177
     2
291
     1
 70
    58
 90
        2
176
     1
 90
        2
176
     1
 90
        0
176
     1
 90
        0
176
     1
 40
0.6
176
     1
 40
30.0
176
     1
 62
     7
420
-1023410177
176
     1
 90
        1
176
     1
 90
        4
176
     1
 62
     7
176
     1
 62
   257
176
     1
 90
        1
176
     1
 90
        1
176
     1
 40
1.0
176
     1
 90
        8
176
     1
 62
     7
176
     1
 40
1.0
176
     1
 90
        1
176
     1
 90
        6
176
     1
 90
        2
176
     1
 62
     7
176
     1
 90
        5
176
     1
 90
        0
176
     1
 90
        0
176
     1
290
     0
176
     1
 90
        1
176
     1
 40
-50.0
176
     1
 90
        0
176
     1
290
     0
176
     1
290
     1
176
     1
290
     1
176
     1
290
     0
290
     0
176
     1
290
     0
290
     0
176
     1
290
     0
176
     1
290
     0
176
     1
 90
       50
176
     1
 40
0.0
176
     1
 40
1.0
176
     1
 90
        0
176
     1
 62
     0
420
-1040187392
176
     1
 90
       50
176
     1
 90
        3
176
     1
 62
     5
420
-1040187137
176
     1
290
     0
176
     1
 90
       50
176
     1
 90
       50
176
     1
 90
       50
176
     1
290
     0
176
     1
 90
       50
176
     1
 62
     0
176
     0
 40
1.0
176
     0
 90
        0
176
     1
  1
strokes_ogs.tif
176
     1
290
     0
176
     1
 40
1.0
176
     1
 40
1.0
176
     1
  0
VISUALSTYLE
  5
15A
102
{ACAD_REACTORS
330
14E
102
}
330
14E
100
AcDbVisualStyle
  2
Brighten
 70
    12
177
     2
291
     1
 70
    58
 90
        2
176
     1
 90
        2
176
     1
 90
        0
176
     1
 90
        0
176
     1
 40
0.6
176
     1
 40
30.0
176
     1
 62
     7
420
-1023410177
176
     1
 90
        1
176
     1
 90
        4
176
     1
 62
     7
176
     1
 62
   257
176
     1
 90
        1
176
     1
 90
        1
176
     1
 40
1.0
176
     1
 90
        8
176
     1
 62
     7
176
     1
 40
1.0
176
     1
 90
        1
176
     1
 90
        6
176
     1
 90
        2
176
     1
 62
     7
176
     1
 90
        5
176
     1
 90
        0
176
     1
 90
        0
176
     1
290
     0
176
     1
 90
        1
176
     1
 40
50.0
176
     1
 90
        0
176
     1
290
     0
176
     1
290
     1
176
     1
290
     1
176
     1
290
     0
290
     0
176
     1
290
     0
290
     0
176
     1
290
     0
176
     1
290
     0
176
     1
 90
       50
176
     1
 40
0.0
176
     1
 40
1.0
176
     1
 90
        0
176
     1
 62
     0
420
-1040187392
176
     1
 90
       50
176
     1
 90
        3
176
     1
 62
     5
420
-1040187137
176
     1
290
     0
176
     1
 90
       50
176
     1
 90
       50
176
     1
 90
       50
176
     1
290
     0
176
     1
 90
       50
176
     1
 62
     0
176
     0
 40
1.0
176
     0
 90
        0
176
     1
  1
strokes_ogs.tif
176
     1
290
     0
176
     1
 40
1.0
176
     1
 40
1.0
176
     1
  0
VISUALSTYLE
  5
15B
102
{ACAD_REACTORS
330
14E
102
}
330
14E
100
AcDbVisualStyle
  2
Thicken
 70
    13
177
     2
291
     1
 70
    58
 90
        2
176
     1
 90
        2
176
     1
 90
        0
176
     1
 90
        0
176
     1
 40
0.6
176
     1
 40
30.0
176
     1
 62
     7
420
-1023410177
176
     1
 90
        1
176
     1
 90
        4
176
     1
 62
     7
176
     1
 62
   257
176
     1
 90
        1
176
     1
 90
        1
176
     1
 40
1.0
176
     1
 90
       12
176
     1
 62
     7
176
     1
 40
1.0
176
     1
 90
        1
176
     1
 90
        6
176
     1
 90
        2
176
     1
 62
     7
176
     1
 90
        5
176
     1
 90
        0
176
     1
 90
        0
176
     1
290
     0
176
     1
 90
        1
176
     1
 40
0.0
176
     1
 90
        0
176
     1
290
     0
176
     1
290
     1
176
     1
290
     1
176
     1
290
     0
290
     0
176
     1
290
     0
290
     0
176
     1
290
     0
176
     1
290
     0
176
     1
 90
       50
176
     1
 40
0.0
176
     1
 40
1.0
176
     1
 90
        0
176
     1
 62
     0
420
-1040187392
176
     1
 90
       50
176
     1
 90
        3
176
     1
 62
     5
420
-1040187137
176
     1
290
     0
176
     1
 90
       50
176
     1
 90
       50
176
     1
 90
       50
176
     1
290
     0
176
     1
 90
       50
176
     1
 62
     0
176
     0
 40
1.0
176
     0
 90
        0
176
     1
  1
strokes_ogs.tif
176
     1
290
     0
176
     1
 40
1.0
176
     1
 40
1.0
176
     1
  0
VISUALSTYLE
  5
15C
102
{ACAD_REACTORS
330
14E
102
}
330
14E
100
AcDbVisualStyle
  2
Linepattern
 70
    14
177
     2
291
     1
 70
    58
 90
        2
176
     1
 90
        2
176
     1
 90
        0
176
     1
 90
        0
176
     1
 40
0.6
176
     1
 40
30.0
176
     1
 62
     7
420
-1023410177
176
     1
 90
        1
176
     1
 90
        4
176
     1
 62
     7
176
     1
 62
   257
176
     1
 90
        7
176
     1
 90
        7
176
     1
 40
1.0
176
     1
 90
        8
176
     1
 62
     7
176
     1
 40
1.0
176
     1
 90
        1
176
     1
 90
        6
176
     1
 90
        2
176
     1
 62
     7
176
     1
 90
        5
176
     1
 90
        0
176
     1
 90
        0
176
     1
290
     0
176
     1
 90
        1
176
     1
 40
0.0
176
     1
 90
        0
176
     1
290
     0
176
     1
290
     1
176
     1
290
     1
176
     1
290
     0
290
     0
176
     1
290
     0
290
     0
176
     1
290
     0
176
     1
290
     0
176
     1
 90
       50
176
     1
 40
0.0
176
     1
 40
1.0
176
     1
 90
        0
176
     1
 62
     0
420
-1040187392
176
     1
 90
       50
176
     1
 90
        3
176
     1
 62
     5
420
-1040187137
176
     1
290
     0
176
     1
 90
       50
176
     1
 90
       50
176
     1
 90
       50
176
     1
290
     0
176
     1
 90
       50
176
     1
 62
     0
176
     0
 40
1.0
176
     0
 90
        0
176
     1
  1
strokes_ogs.tif
176
     1
290
     0
176
     1
 40
1.0
176
     1
 40
1.0
176
     1
  0
VISUALSTYLE
  5
15D
102
{ACAD_REACTORS
330
14E
102
}
330
14E
100
AcDbVisualStyle
  2
Facepattern
 70
    15
177
     2
291
     1
 70
    58
 90
        2
176
     1
 90
        2
176
     1
 90
        0
176
     1
 90
        0
176
     1
 40
0.6
176
     1
 40
30.0
176
     1
 62
     7
420
-1023410177
176
     1
 90
        1
176
     1
 90
        4
176
     1
 62
     7
176
     1
 62
   257
176
     1
 90
        1
176
     1
 90
        1
176
     1
 40
1.0
176
     1
 90
        8
176
     1
 62
     7
176
     1
 40
1.0
176
     1
 90
        1
176
     1
 90
        6
176
     1
 90
        2
176
     1
 62
     7
176
     1
 90
        5
176
     1
 90
        0
176
     1
 90
        0
176
     1
290
     0
176
     1
 90
        1
176
     1
 40
0.0
176
     1
 90
        0
176
     1
290
     0
176
     1
290
     1
176
     1
290
     1
176
     1
290
     0
290
     0
176
     1
290
     0
290
     0
176
     1
290
     0
176
     1
290
     0
176
     1
 90
       50
176
     1
 40
0.0
176
     1
 40
1.0
176
     1
 90
        0
176
     1
 62
     0
420
-1040187392
176
     1
 90
       50
176
     1
 90
        3
176
     1
 62
     5
420
-1040187137
176
     1
290
     0
176
     1
 90
       50
176
     1
 90
       50
176
     1
 90
       50
176
     1
290
     0
176
     1
 90
       50
176
     1
 62
     0
176
     0
 40
1.0
176
     0
 90
        0
176
     1
  1
strokes_ogs.tif
176
     1
290
     0
176
     1
 40
1.0
176
     1
 40
1.0
176
     1
  0
VISUALSTYLE
  5
15E
102
{ACAD_REACTORS
330
14E
102
}
330
14E
100
AcDbVisualStyle
  2
ColorChange
 70
    16
177
     2
291
     1
 70
    58
 90
        2
176
     1
 90
        2
176
     1
 90
        3
176
     1
 90
        0
176
     1
 40
0.6
176
     1
 40
30.0
176
     1
 62
     9
420
-1031765888
176
     1
 90
        1
176
     1
 90
        4
176
     1
 62
     7
176
     1
 62
   257
176
     1
 90
        1
176
     1
 90
        1
176
     1
 40
1.0
176
     1
 90
        8
176
     1
 62
     9
420
-1031765888
176
     1
 40
1.0
176
     1
 90
        1
176
     1
 90
        6
176
     1
 90
        2
176
     1
 62
     7
176
     1
 90
        5
176
     1
 90
        0
176
     1
 90
        0
176
     1
290
     0
176
     1
 90
        1
176
     1
 40
0.0
176
     1
 90
        0
176
     1
290
     0
176
     1
290
     1
176
     1
290
     1
176
     1
290
     0
290
     0
176
     1
290
     0
290
     0
176
     1
290
     0
176
     1
290
     0
176
     1
 90
       50
176
     1
 40
0.0
176
     1
 40
1.0
176
     1
 90
        0
176
     1
 62
     0
420
-1040187392
176
     1
 90
       50
176
     1
 90
        3
176
     1
 62
     5
420
-1040187137
176
     1
290
     0
176
     1
 90
       50
176
     1
 90
       50
176
     1
 90
       50
176
     1
290
     0
176
     1
 90
       50
176
     1
 62
     0
176
     0
 40
1.0
176
     0
 90
        0
176
     1
  1
strokes_ogs.tif
176
     1
290
     0
176
     1
 40
1.0
176
     1
 40
1.0
176
     1
  0
VISUALSTYLE
  5
15F
102
{ACAD_REACTORS
330
14E
102
}
330
14E
100
AcDbVisualStyle
  2
JitterOff
 70
    20
177
     2
291
     1
 70
    58
 90
        2
176
     0
 90
        2
176
     0
 90
        0
176
     0
 90
        0
176
     0
 40
0.6
176
     0
 40
30.0
176
     0
 62
     7
420
-1023410177
176
     0
 90
        1
176
     0
 90
        4
176
     0
 62
     7
176
     0
 62
   257
176
     0
 90
        1
176
     0
 90
        1
176
     0
 40
1.0
176
     0
 90
       10
176
     2
 62
     7
176
     0
 40
1.0
176
     0
 90
        1
176
     0
 90
        6
176
     0
 90
        2
176
     0
 62
     7
176
     0
 90
        5
176
     0
 90
        0
176
     0
 90
        0
176
     0
290
     0
176
     0
 90
        1
176
     0
 40
0.0
176
     0
 90
        0
176
     0
290
     0
176
     1
290
     1
176
     1
290
     1
176
     1
290
     0
290
     0
176
     1
290
     0
290
     0
176
     1
290
     0
176
     1
290
     0
176
     1
 90
       50
176
     1
 40
0.0
176
     1
 40
1.0
176
     1
 90
        0
176
     1
 62
     0
420
-1040187392
176
     1
 90
       50
176
     1
 90
        3
176
     1
 62
     5
420
-1040187137
176
     1
290
     0
176
     1
 90
       50
176
     1
 90
       50
176
     1
 90
       50
176
     1
290
     0
176
     1
 90
       50
176
     1
 62
     0
176
     0
 40
1.0
176
     0
 90
        0
176
     1
  1
strokes_ogs.tif
176
     1
290
     0
176
     1
 40
1.0
176
     1
 40
1.0
176
     1
  0
VISUALSTYLE
  5
160
102
{ACAD_REACTORS
330
14E
102
}
330
14E
100
AcDbVisualStyle
  2
OverhangOff
 70
    21
177
     2
291
     1
 70
    58
 90
        2
176
     0
 90
        2
176
     0
 90
        0
176
     0
 90
        0
176
     0
 40
0.6
176
     0
 40
30.0
176
     0
 62
     7
420
-1023410177
176
     0
 90
        1
176
     0
 90
        4
176
     0
 62
     7
176
     0
 62
   257
176
     0
 90
        1
176
     0
 90
        1
176
     0
 40
1.0
176
     0
 90
        9
176
     2
 62
     7
176
     0
 40
1.0
176
     0
 90
        1
176
     0
 90
        6
176
     0
 90
        2
176
     0
 62
     7
176
     0
 90
        5
176
     0
 90
        0
176
     0
 90
        0
176
     0
290
     0
176
     0
 90
        1
176
     0
 40
0.0
176
     0
 90
        0
176
     0
290
     0
176
     1
290
     1
176
     1
290
     1
176
     1
290
     0
290
     0
176
     1
290
     0
290
     0
176
     1
290
     0
176
     1
290
     0
176
     1
 90
       50
176
     1
 40
0.0
176
     1
 40
1.0
176
     1
 90
        0
176
     1
 62
     0
420
-1040187392
176
     1
 90
       50
176
     1
 90
        3
176
     1
 62
     5
420
-1040187137
176
     1
290
     0
176
     1
 90
       50
176
     1
 90
       50
176
     1
 90
       50
176
     1
290
     0
176
     1
 90
       50
176
     1
 62
     0
176
     0
 40
1.0
176
     0
 90
        0
176
     1
  1
strokes_ogs.tif
176
     1
290
     0
176
     1
 40
1.0
176
     1
 40
1.0
176
     1
  0
VISUALSTYLE
  5
161
102
{ACAD_REACTORS
330
14E
102
}
330
14E
100
AcDbVisualStyle
  2
EdgeColorOff
 70
    22
177
     2
291
     1
 70
    58
 90
        2
176
     0
 90
        2
176
     0
 90
        0
176
     0
 90
        0
176
     0
 40
0.6
176
     0
 40
30.0
176
     0
 62
     7
420
-1023410177
176
     0
 90
        1
176
     0
 90
        4
176
     0
 62
     7
176
     0
 62
   257
176
     0
 90
        1
176
     0
 90
        1
176
     0
 40
1.0
176
     0
 90
        8
176
     2
 62
     7
176
     0
 40
1.0
176
     0
 90
        1
176
     0
 90
        6
176
     0
 90
        2
176
     0
 62
     7
176
     0
 90
        5
176
     0
 90
        0
176
     0
 90
        0
176
     0
290
     0
176
     0
 90
        1
176
     0
 40
0.0
176
     0
 90
        0
176
     0
290
     0
176
     1
290
     1
176
     1
290
     1
176
     1
290
     0
290
     0
176
     1
290
     0
290
     0
176
     1
290
     0
176
     1
290
     0
176
     1
 90
       50
176
     1
 40
0.0
176
     1
 40
1.0
176
     1
 90
        0
176
     1
 62
     0
420
-1040187392
176
     1
 90
       50
176
     1
 90
        3
176
     1
 62
     5
420
-1040187137
176
     1
290
     0
176
     1
 90
       50
176
     1
 90
       50
176
     1
 90
       50
176
     1
290
     0
176
     1
 90
       50
176
     1
 62
     0
176
     0
 40
1.0
176
     0
 90
        0
176
     1
  1
strokes_ogs.tif
176
     1
290
     0
176
     1
 40
1.0
176
     1
 40
1.0
176
     1
  0
VISUALSTYLE
  5
184
102
{ACAD_REACTORS
330
14E
102
}
330
14E
100
AcDbVisualStyle
  2
Wireframe
 70
     5
177
     2
291
     0
 70
    58
 90
        0
176
     1
 90
        2
176
     1
 90
        0
176
     1
 90
        0
176
     1
 40
0.6
176
     1
 40
30.0
176
     1
 62
     7
420
-1023410177
176
     1
 90
        1
176
     1
 90
        4
176
     1
 62
     7
176
     1
 62
   257
176
     1
 90
        1
176
     1
 90
        1
176
     1
 40
1.0
176
     1
 90
        0
176
     1
 62
   257
176
     1
 40
1.0
176
     1
 90
        1
176
     1
 90
        6
176
     1
 90
        2
176
     1
 62
     7
176
     1
 90
        3
176
     1
 90
        0
176
     1
 90
        0
176
     1
290
     0
176
     1
 90
        1
176
     1
 40
0.0
176
     1
 90
        0
176
     1
290
     0
176
     1
290
     1
176
     1
290
     1
176
     1
290
     0
290
     0
176
     1
290
     0
290
     0
176
     1
290
     0
176
     1
290
     0
176
     1
 90
       50
176
     1
 40
0.0
176
     1
 40
1.0
176
     1
 90
        0
176
     1
 62
     0
420
-1040187392
176
     1
 90
       50
176
     1
 90
        3
176
     1
 62
     5
420
-1040187137
176
     1
290
     0
176
     1
 90
       50
176
     1
 90
       50
176
     1
 90
       50
176
     1
290
     0
176
     1
 90
       50
176
     1
 62
     0
176
     0
 40
1.0
176
     0
 90
        0
176
     1
  1
strokes_ogs.tif
176
     1
290
     0
176
     1
 40
1.0
176
     1
 40
1.0
176
     1
  0
VISUALSTYLE
  5
185
102
{ACAD_REACTORS
330
14E
102
}
330
14E
100
AcDbVisualStyle
  2
Hidden
 70
     6
177
     2
291
     0
 70
    58
 90
        1
176
     1
 90
        2
176
     1
 90
        2
176
     1
 90
        0
176
     1
 40
0.6
176
     1
 40
30.0
176
     1
 62
     7
420
-1023410177
176
     1
 90
        2
176
     1
 90
        2
176
     1
 62
     7
176
     1
 62
   257
176
     1
 90
        2
176
     1
 90
        1
176
     1
 40
40.0
176
     1
 90
        0
176
     1
 62
   257
176
     1
 40
1.0
176
     1
 90
        1
176
     1
 90
        6
176
     1
 90
        2
176
     1
 62
     7
176
     1
 90
        3
176
     1
 90
        0
176
     1
 90
        0
176
     1
290
     0
176
     1
 90
        1
176
     1
 40
0.0
176
     1
 90
        0
176
     1
290
     0
176
     1
290
     1
176
     1
290
     1
176
     1
290
     0
290
     0
176
     1
290
     0
290
     0
176
     1
290
     0
176
     1
290
     0
176
     1
 90
       50
176
     1
 40
0.0
176
     1
 40
1.0
176
     1
 90
        0
176
     1
 62
     0
420
-1040187392
176
     1
 90
       50
176
     1
 90
        3
176
     1
 62
     5
420
-1040187137
176
     1
290
     0
176
     1
 90
       50
176
     1
 90
       50
176
     1
 90
       50
176
     1
290
     0
176
     1
 90
       50
176
     1
 62
     0
176
     0
 40
1.0
176
     0
 90
        0
176
     1
  1
strokes_ogs.tif
176
     1
290
     0
176
     1
 40
1.0
176
     1
 40
1.0
176
     1
  0
VISUALSTYLE
  5
186
102
{ACAD_REACTORS
330
14E
102
}
330
14E
100
AcDbVisualStyle
  2
Shades of Gray
 70
    23
177
     2
291
     0
 70
    58
 90
        2
176
     1
 90
        2
176
     1
 90
        3
176
     1
 90
        0
176
     1
 40
0.6
176
     1
 40
30.0
176
     1
 62
     7
420
-1023410177
176
     1
 90
        2
176
     1
 90
        2
176
     1
 62
     7
176
     1
 62
     7
176
     1
 90
        1
176
     1
 90
        1
176
     1
 40
40.0
176
     1
 90
        8
176
     1
 62
     7
176
     1
 40
1.0
176
     1
 90
        1
176
     1
 90
        6
176
     1
 90
        2
176
     1
 62
     7
176
     1
 90
        3
176
     1
 90
        0
176
     1
 90
        0
176
     1
290
     0
176
     1
 90
        1
176
     1
 40
0.0
176
     1
 90
        0
176
     1
290
     0
176
     1
290
     1
176
     1
290
     1
176
     1
290
     0
290
     0
176
     1
290
     0
290
     0
176
     1
290
     0
176
     1
290
     0
176
     1
 90
       50
176
     1
 40
0.0
176
     1
 40
1.0
176
     1
 90
        0
176
     1
 62
     0
420
-1040187392
176
     1
 90
       50
176
     1
 90
        3
176
     1
 62
     5
420
-1040187137
176
     1
290
     0
176
     1
 90
       50
176
     1
 90
       50
176
     1
 90
       50
176
     1
290
     0
176
     1
 90
       50
176
     1
 62
     0
176
     0
 40
1.0
176
     0
 90
        0
176
     1
  1
strokes_ogs.tif
176
     1
290
     0
176
     1
 40
1.0
176
     1
 40
1.0
176
     1
  0
VISUALSTYLE
  5
187
102
{ACAD_REACTORS
330
14E
102
}
330
14E
100
AcDbVisualStyle
  2
Sketchy
 70
    24
177
     2
291
     0
 70
    58
 90
        1
176
     1
 90
        2
176
     1
 90
        2
176
     1
 90
        0
176
     1
 40
0.6
176
     1
 40
30.0
176
     1
 62
     7
420
-1023410177
176
     1
 90
        2
176
     1
 90
        2
176
     1
 62
     7
176
     1
 62
     7
176
     1
 90
        1
176
     1
 90
        1
176
     1
 40
40.0
176
     1
 90
       11
176
     1
 62
     7
176
     1
 40
1.0
176
     1
 90
        1
176
     1
 90
        6
176
     1
 90
        2
176
     1
 62
     7
176
     1
 90
        6
176
     1
 90
        0
176
     1
 90
        0
176
     1
290
     0
176
     1
 90
        1
176
     1
 40
0.0
176
     1
 90
        0
176
     1
290
     0
176
     1
290
     1
176
     1
290
     1
176
     1
290
     0
290
     0
176
     1
290
     0
290
     0
176
     1
290
     0
176
     1
290
     0
176
     1
 90
       50
176
     1
 40
0.0
176
     1
 40
1.0
176
     1
 90
        0
176
     1
 62
     0
420
-1040187392
176
     1
 90
       50
176
     1
 90
        3
176
     1
 62
     5
420
-1040187137
176
     1
290
     0
176
     1
 90
       50
176
     1
 90
       50
176
     1
 90
       50
176
     1
290
     0
176
     1
 90
       50
176
     1
 62
     0
176
     0
 40
1.0
176
     0
 90
        0
176
     1
  1
strokes_ogs.tif
176
     1
290
     0
176
     1
 40
1.0
176
     1
 40
1.0
176
     1
  0
VISUALSTYLE
  5
188
102
{ACAD_REACTORS
330
14E
102
}
330
14E
100
AcDbVisualStyle
  2
X-Ray
 70
    25
177
     2
291
     0
 70
    58
 90
        2
176
     1
 90
        2
176
     1
 90
        1
176
     1
 90
        1
176
     1
 40
0.5
176
     1
 40
30.0
176
     1
 62
     7
420
-1023410177
176
     1
 90
        1
176
     1
 90
        0
176
     1
 62
     7
176
     1
 62
   257
176
     1
 90
        1
176
     1
 90
        1
176
     1
 40
1.0
176
     1
 90
        8
176
     1
 62
     7
176
     1
 40
1.0
176
     1
 90
        1
176
     1
 90
        6
176
     1
 90
        2
176
     1
 62
     7
176
     1
 90
        3
176
     1
 90
        0
176
     1
 90
        0
176
     1
290
     0
176
     1
 90
       13
176
     1
 40
0.0
176
     1
 90
        0
176
     1
290
     0
176
     1
290
     1
176
     1
290
     1
176
     1
290
     0
290
     0
176
     1
290
     0
290
     0
176
     1
290
     0
176
     1
290
     0
176
     1
 90
       50
176
     1
 40
0.0
176
     1
 40
1.0
176
     1
 90
        0
176
     1
 62
     0
420
-1040187392
176
     1
 90
       50
176
     1
 90
        3
176
     1
 62
     5
420
-1040187137
176
     1
290
     0
176
     1
 90
       50
176
     1
 90
       50
176
     1
 90
       50
176
     1
290
     0
176
     1
 90
       50
176
     1
 62
     0
176
     0
 40
1.0
176
     0
 90
        2
176
     1
  1
strokes_ogs.tif
176
     1
290
     0
176
     1
 40
1.0
176
     1
 40
1.0
176
     1
  0
VISUALSTYLE
  5
189
102
{ACAD_REACTORS
330
14E
102
}
330
14E
100
AcDbVisualStyle
  2
Shaded with edges
 70
    26
177
     2
291
     0
 70
    58
 90
        2
176
     1
 90
        2
176
     1
 90
        1
176
     1
 90
        2
176
     1
 40
0.6
176
     1
 40
30.0
176
     1
 62
     7
420
-1023410177
176
     1
 90
        1
176
     1
 90
       10
176
     1
 62
     7
176
     1
 62
   257
176
     1
 90
        2
176
     1
 90
        1
176
     1
 40
1.0
176
     1
 90
        8
176
     1
 62
   257
176
     1
 40
1.0
176
     1
 90
        1
176
     1
 90
        6
176
     1
 90
        2
176
     1
 62
     7
176
     1
 90
        3
176
     1
 90
        0
176
     1
 90
        0
176
     1
290
     0
176
     1
 90
        5
176
     1
 40
0.0
176
     1
 90
        0
176
     1
290
     0
176
     1
290
     1
176
     1
290
     1
176
     1
290
     0
290
     0
176
     1
290
     0
290
     0
176
     1
290
     0
176
     1
290
     0
176
     1
 90
       50
176
     1
 40
0.0
176
     1
 40
1.0
176
     1
 90
        0
176
     1
 62
     0
420
-1040187392
176
     1
 90
       50
176
     1
 90
        3
176
     1
 62
     5
420
-1040187137
176
     1
290
     0
176
     1
 90
       50
176
     1
 90
       50
176
     1
 90
       50
176
     1
290
     0
176
     1
 90
       50
176
     1
 62
     0
176
     0
 40
1.0
176
     0
 90
        2
176
     1
  1
strokes_ogs.tif
176
     1
290
     0
176
     1
 40
1.0
176
     1
 40
1.0
176
     1
  0
VISUALSTYLE
  5
18A
102
{ACAD_REACTORS
330
14E
102
}
330
14E
100
AcDbVisualStyle
  2
Shaded
 70
    27
177
     2
291
     0
 70
    58
 90
        2
176
     1
 90
        2
176
     1
 90
        1
176
     1
 90
        2
176
     1
 40
0.6
176
     1
 40
30.0
176
     1
 62
     7
420
-1023410177
176
     1
 90
        0
176
     1
 90
        4
176
     1
 62
     7
176
     1
 62
   257
176
     1
 90
        1
176
     1
 90
        1
176
     1
 40
1.0
176
     1
 90
        8
176
     1
 62
   257
176
     1
 40
1.0
176
     1
 90
        1
176
     1
 90
        6
176
     1
 90
        2
176
     1
 62
   256
420
-1032292232
176
     1
 90
        3
176
     1
 90
        0
176
     1
 90
        0
176
     1
290
     0
176
     1
 90
        5
176
     1
 40
0.0
176
     1
 90
        0
176
     1
290
     0
176
     1
290
     1
176
     1
290
     1
176
     1
290
     0
290
     0
176
     1
290
     0
290
     0
176
     1
290
     0
176
     1
290
     0
176
     1
 90
       50
176
     1
 40
0.0
176
     1
 40
1.0
176
     1
 90
        0
176
     1
 62
     0
420
-1040187392
176
     1
 90
       50
176
     1
 90
        3
176
     1
 62
     5
420
-1040187137
176
     1
290
     0
176
     1
 90
       50
176
     1
 90
       50
176
     1
 90
       50
176
     1
290
     0
176
     1
 90
       50
176
     1
 62
     0
176
     0
 40
1.0
176
     0
 90
        2
176
     1
  1
strokes_ogs.tif
176
     1
290
     0
176
     1
 40
1.0
176
     1
 40
1.0
176
     1
  0
XRECORD
  5
191
102
{ACAD_REACTORS
330
C
102
}
330
C
100
AcDbXrecord
280
     1
300
ACD
300
2013
300
ACD_F_S
  0
LAYOUT
  5
1CD
102
{ACAD_REACTORS
330
1A
102
}
330
1A
100
AcDbPlotSettings
  1

  2
Microsoft XPS Document Writer#:1
  4

  6

 40
0.0
 41
0.0
 42
0.0
 43
0.0
 44
0.0
 45
0.0
 46
0.0
 47
0.0
 48
0.0
 49
0.0
140
0.0
141
0.0
142
1.0
143
1.0
 70
   688
 72
     0
 73
     0
 74
     5
  7

 75
    16
147
1.0
148
0.0
149
0.0
 76
     0
 77
     2
 78
   300
333
0
100
AcDbLayout
  1
Layout1
 70
     1
 71
     1
 10
0.0
 20
0.0
 11
12.0
 21
9.0
 12
0.0
 22
0.0
 32
0.0
 14
0.0
 24
0.0
 34
0.0
 15
0.0
 25
0.0
 35
0.0
146
0.0
 13
0.0
 23
0.0
 33
0.0
 16
1.0
 26
0.0
 36
0.0
 17
0.0
 27
1.0
 37
0.0
 76
     0
330
1CC
  0
LAYOUT
  5
1D2
102
{ACAD_REACTORS
330
1A
102
}
330
1A
100
AcDbPlotSettings
  1

  2
Microsoft XPS Document Writer#:1
  4

  6

 40
0.0
 41
0.0
 42
0.0
 43
0.0
 44
0.0
 45
0.0
 46
0.0
 47
0.0
 48
0.0
 49
0.0
140
0.0
141
0.0
142
1.0
143
1.0
 70
   688
 72
     0
 73
     0
 74
     5
  7

 75
    16
147
1.0
148
0.0
149
0.0
 76
     0
 77
     2
 78
   300
333
0
100
AcDbLayout
  1
Layout2
 70
     1
 71
     2
 10
0.0
 20
0.0
 11
12.0
 21
9.0
 12
0.0
 22
0.0
 32
0.0
 14
0.0
 24
0.0
 34
0.0
 15
0.0
 25
0.0
 35
0.0
146
0.0
 13
0.0
 23
0.0
 33
0.0
 16
1.0
 26
0.0
 36
0.0
 17
0.0
 27
1.0
 37
0.0
 76
     0
330
1D1
  0
DICTIONARY
  5
1D6
102
{ACAD_REACTORS
330
C
102
}
330
C
100
AcDbDictionary
281
     1
  3
Imperial24
350
1D8
  0
ACDBSECTIONVIEWSTYLE
  5
1D8
102
{ACAD_REACTORS
330
1D6
102
}
330
1D6
100
AcDbModelDocViewStyle
 70
     0
  3
Imperial24
290
     1
100
AcDbSectionViewStyle
 70
     0
 71
     0
 90
       78
 71
     1
340
11
 62
     0
 40
0.24
340
0
340
0
 62
     0
 40
0.24
300
I, O, Q, S, X, Z
 40
0.48
 90
        3
 40
0.18
 90
        1
 71
     2
340
1D7
 90
       25
 62
     0
340
16
 90
       50
 62
     0
 40
0.24
 40
0.0
 40
0.24
 71
     3
340
11
 62
     0
 40
0.24
 90
        1
 40
0.75
 90
        1
300
%<\AcVar ViewType \f "%tc1">% %<\AcVar ViewSectionStartId>%-%<\AcVar ViewSectionEndId>%\PSCALE %<\AcVar ViewScale \f "%sn">%
 71
     4
 62
     0
 62
   257
300
ANSI31
 40
1.0
 90
        0
290
     0
290
     0
 90
        6
 40
0.0
 40
1.570796326794897
 40
0.2617993877991494
 40
1.308996938995747
 40
-0.2617993877991494
 40
1.832595714594046
  0
DICTIONARY
  5
1D9
102
{ACAD_REACTORS
330
C
102
}
330
C
100
AcDbDictionary
281
     1
  3
Imperial24
350
1DA
  0
ACDBDETAILVIEWSTYLE
  5
1DA
102
{ACAD_REACTORS
330
1D9
102
}
330
1D9
100
AcDbModelDocViewStyle
 70
     0
  3
Imperial24
290
     1
100
AcDbDetailViewStyle
 70
     0
 71
     0
 90
        3
 71
     1
340
11
 62
     0
 40
0.24
340
0
 62
     0
 40
0.24
300

 40
0.36
280
     3
 71
     2
340
16
 90
       25
 62
     0
 71
     3
340
11
 62
     0
 40
0.24
 90
        1
 40
0.75
 90
        1
300
%<\AcVar ViewType \f "%tc1">% %<\AcVar ViewDetailId>%\PSCALE %<\AcVar ViewScale \f "%sn">%
 71
     4
340
16
 90
       25
 62
     0
340
16
 90
       25
 62
     0
280
     0
  0
DICTIONARYVAR
  5
1F8
102
{ACAD_REACTORS
330
59
102
}
330
59
100
DictionaryVariables
280
     0
  1
Imperial24
  0
DICTIONARYVAR
  5
1F9
102
{ACAD_REACTORS
330
59
102
}
330
59
100
DictionaryVariables
280
     0
  1
Imperial24
  0
ENDSEC
  0
SECTION
  2
THUMBNAILIMAGE
 90
    22287
310
0B5700000201670200005000000002B7020000A8560000000000000000000000000000000000000000000000000000000000000000000000000000000000000000000000000000000000000000000000000000000000000000000000000000000000000000000028000000DB00000060000000010008000000000080520000
310
9CA8AF0200000000000100000000000000000000000080000080000000808000800000008000800080800000C0C0C000C0DCC000F0CAA6000020400000206000002080000020A0000020C0000020E00000400000004020000040400000406000004080000040A0000040C0000040E000006000000060200000604000006060
310
00006080000060A0000060C0000060E00000800000008020000080400000806000008080000080A0000080C0000080E00000A0000000A0200000A0400000A0600000A0800000A0A00000A0C00000A0E00000C0000000C0200000C0400000C0600000C0800000C0A00000C0C00000C0E00000E0000000E0200000E0400000E0
310
600000E0800000E0A00000E0C00000E0E00040000000400020004000400040006000400080004000A0004000C0004000E00040200000402020004020400040206000402080004020A0004020C0004020E00040400000404020004040400040406000404080004040A0004040C0004040E00040600000406020004060400040
310
606000406080004060A0004060C0004060E00040800000408020004080400040806000408080004080A0004080C0004080E00040A0000040A0200040A0400040A0600040A0800040A0A00040A0C00040A0E00040C0000040C0200040C0400040C0600040C0800040C0A00040C0C00040C0E00040E0000040E0200040E04000
310
40E0600040E0800040E0A00040E0C00040E0E00080000000800020008000400080006000800080008000A0008000C0008000E00080200000802020008020400080206000802080008020A0008020C0008020E00080400000804020008040400080406000804080008040A0008040C0008040E0008060000080602000806040
310
0080606000806080008060A0008060C0008060E00080800000808020008080400080806000808080008080A0008080C0008080E00080A0000080A0200080A0400080A0600080A0800080A0A00080A0C00080A0E00080C0000080C0200080C0400080C0600080C0800080C0A00080C0C00080C0E00080E0000080E0200080E0
310
400080E0600080E0800080E0A00080E0C00080E0E000C0000000C0002000C0004000C0006000C0008000C000A000C000C000C000E000C0200000C0202000C0204000C0206000C0208000C020A000C020C000C020E000C0400000C0402000C0404000C0406000C0408000C040A000C040C000C040E000C0600000C0602000C0
310
604000C0606000C0608000C060A000C060C000C060E000C0800000C0802000C0804000C0806000C0808000C080A000C080C000C080E000C0A00000C0A02000C0A04000C0A06000C0A08000C0A0A000C0A0C000C0A0E000C0C00000C0C02000C0C04000C0C06000C0C08000C0C0A000F0FBFF00A4A0A000808080000000FF00
310
00FF000000FFFF00FF000000FF00FF00FFFF0000FFFFFF0049494949494949494949494949494949494949494949494949494949494949494949494949494949494949494949494949494949494949494949524949494949494949494949494949494949494949494949495249494949494949494949494949494949494949
310
49494949524949494949494949494949494949494949494949494949495249494949494949494949494949494949494949494949495249494949494949494949494949494949494949494949494949494949494949494949494949494949494949494949494949494949494949494949494949490049494949494949494949
310
49494949494949494949494949494949494949494949494949494949494949494949494949494949494949494949494952494949494949494949494949494949494949494949494949524949494949494949494949494949494949494949494949524949494949494949494949494949494949494949494949495249494949
310
49494949494949494949494949494949494949524949494949494949494949494949494949494949494949494949494949494949494949494949494949494949494949494949494949494949494949494949004949494949494949494949494949494949494949494949494949494949494949494949494949494949494949
310
49494949494949494949494949495B5252525252525252525252525252525252525252525252529B52525252525252525252525252525252525252525252529B5252525252525252525252525252525252525252525252529B52525252525252525252525252525252525252525252529B4949494949494949494949494949
310
49494949494949494949494949494949494949494949494949494949494949494949494949494949494949494949494900494949494949494949494949494949494949494949494949494949494949494949494949494949494949494949494949494949494949494949495249494949494949494949494949494949494949
310
49494949495249494949494949494949494949494949494949494949495249494949494949494949494949494949494949494949494952494949494949494949494949494949494949494949494952494949494949494949494949494949494949494949494949494949494949494949494949494949494949494949494949
310
49494949494949494949494949490049494949494949494949494949494949494949494949494949494949494949494949494949514949494949494949494949494949494949494949524949494949494949494949494949494949494949494949495249494949494949494949494949494949494949494949495249494949
310
49494949494949494949494949494949494949495249494949494949494949494949494949494949494949495249494949494949494949494949494949494949494949494949494949494949494949494949494949494949494949494949494949494949494949494949490049494949494949494949494949494949494949
310
4949494949494949494949494949494949494949494949494949494949494949494949494949495B5252525252525252525252525252525252525252525252529B52525252525252525252525252525252525252525252529B5252525252525252525252525252525252525252525252529B52525252525252525252525252
310
525252525252525252529B4949494949494949494949494949494949494949494949494949494949494949494949494949494949494949494949494949494949494949494949494949004949494949494949494949494949494949494949494949494949494949494949494949494949494949494949494949494949494949
310
49494949495249494949494949494949494949494949494949494949494952494949494949494949494949494949494949494949494952494949494949494949494949494949494949494949494949524949494949494949494949494949494949494949494949524949494949494949494949494949494949494949494949
310
49494949494949494949494949494949494949494949494949494949494949494949494949494900494949494949494949494949494949494949494949494949494949494949494949494949494949494949494949494949494949494949494949495249494949494949494949494949494949494949494949494952494949
310
49494949494949494949494949494949494949495249494949494949494949494949494949494949494949494952494949494949494949494949494949494949494949494952494949494949494949494949494949494949494949494949494949494949494949494949494949494949494949494949494949494949494949
310
49494949490049494949494949494949494949494949494949494949494949494949494949494949494949494949494949494949494949494949494949494949524949494949494949494949494949494949494949494949495249494949494949494949494949494949494949494949495249494949494949494949494949
310
49494949494949494949495249494949494949494949494949494949494949494949495249494949494949494949494949494949494949494949494949494949494949494949494949494949494949494949494949494949494949494949494949490049494949494949494949494949494949494949494949494949494949
310
4949494949494949494949494949494949494949494949494949494949495B5252525252525252525252525252525252525252525252529B52525252525252525252525252525252525252525252529B5252525252525252525252525252525252525252525252529B52525252525252525252525252525252525252525252
310
529B4949494949494949494949494949494949494949494949494949494949494949494949494949494949494949494949494949494949494949494949494949004949494949494949494949494949494949494949494949494949494949494949494949494949494949494949494949494949494949494949494952494949
310
49494949494949494949494949494949494949494952494949494949494949494949494949494949494949494952494949494949494949494949494949494949494949494949524949494949494949494949494949494949494949494949524949494949494949494949494949494949494949494949494949494949494949
310
49494949494949494949494949494949494949494949494949494949494900494949494949494949494949494949494949494949494949494949494949494949494949494949494949494949494949494949494949494949495249494949494949494949494949494949494949494949494952494949494949494949494949
310
49494949494949494949495249494949494949494949494949494949494949494949494952494949494949494949494949494949494949494949494952494949494949494949494949494949494949494949494949494949494949494949494949494949494949494949494949494949494949494949494949494900494949
310
494949494949494949494949494949494949494949494949494949494949494949494949494949494949494949494949494949494949495A5152525252525251525152515252515251525252525252515B51525252525252525252525252525252525252525252515B51525252525252525252525252525252525252525252
310
52515B51525252525252525252525252525252525252525252515B49494949494949494949494949494949494949494949494949494949494949494949494949494949494949494949494949494949494949494949494949490049494949494949494949494949494949494949494949494949494949494949494949494949
310
4949494949494949494949494949494949494949495A51525252525249A449A451525249A45152525252525252515B51525252525252525252525252525252525252525252515B5152525252525252525252525252525252525252525252515B51525252525252525252525252525252525252525252515B49494949494949
310
49494949494949494949494949494949494949494949494949494949494949494949494949494949494949494949494949494949494949004949494949494949494949494949494949494949494949494949494949494949494949494949494949494949494949494949494949494949494952494949494949A449075252A3
310
F7A49B529B4949494949494952494949494949494949494949494949494949494949494952494949494949494949494949494949494949494949494949524949494949494949494949494949494949494949494949524949494949494949494949494949494949494949494949494949494949494949494949494949494949
310
49494949494949494949494949494949494949494900494949494949494949494949494949494949494949494949494949494949494949494949494949494949494949494949494949494949494949495249494949494949A452499B9BA35A499B9B4949494949494952494949494949494949494949494949494949494949
310
49495249494949494949494949494949494949494949494949494952494949494949494949494949494949494949494949494952494949494949494949494949494949494949494949494949494949494949494949494949494949494949494949494949494949494949494949494949494900494949494949494949494949
310
49494949494949494949494949494949494949494949494949494949494949494949494949494949494949494949525151529B495B52494952524952499B52A349A4529B5A5B495249494949494949494949515B49494949494949494949495249494949494949494949494949494949494949494949494952494949494949
310
49494949495149494949494949494949495249494949494949494949494949494949494949494949494949494949494949494949494949494949494949494949494949494949494949494949494949490049494949494949494949494949494949494949494949494949494949494949494949494949494949494949494949
310
494949494949494949494949529BF7F79B49A49BF700F7A4F7A4079BA4490752F79BA45249524949494949494949494949A44949494949494949494949524949494949494949494949A35A4949494949494949494949524949494949494949494949F749494949494949494949495249494949494949494949494949494949
310
4949494949494949494949494949494949494949494949494949494949494949494949494949494949494949494900494949494949494949494949494949494949494949494949494949494949494949494949494949494949494949494949494949494949494949495252529BA4499B5BA4525A525A525A5251F751F75252
310
9B9B515B5152525252525252525152AC51525252525252525252515B51525252525252525252519B5251525252525252525252515B5152525252525252525251A451525252525252525252515B4949494949494949494949494949494949494949494949494949494949494949494949494949494949494949494949494949
310
49494949494949494949494900494949494949494949494949494949494949494949494949494949494949494949494949494949494949494949494949494949494949494949495A5151525151494949514952494951495149494951515151519B51525252525252525252514952525252525252525252529B515252525252
310
5252525252495152525252525252525252519B51525252525252525252524952525252525252525252525B494949494949494949494949494949494949494949494949494949494949494949494949494949494949494949494949494949494949494949494949494900494949494949494949494949494949494949494949
310
494949494949494949494949494949494949494949494949494949494949494949494949495249494949A49BA4A45A9B00A3F749A352A49BA44949494949524949494949494949494949A44949494949494949494949524949494949494949494949AC524949494949494949494949524949494949494949494949A4494949
310
49494949494949495249494949494949494949494949494949494949494949494949494949494949494949494949494949494949494949494949494949494949494949494949490049494949494949494949494949494949494949494949494949494949494949494949494949494949494949494949494949494949494949
310
494949524949490007A408A4490749F7F707F79B07F7A45149494949524949494949494949494949ED49494949494949494949495249494949494949494949499BA449494949494949494949495249494949494949494949490749494949494949494949495249494949494949494949494949494949494949494949494949
310
4949494949494949494949494949494949494949494949494949494949494949494949494900494949494949494949494949494949494949494949494949494949494949494949494949494949494949494949494949494949494949494949495B5252525252525252525252525252525252525252525252529B5252525252
310
5252525252525252525252525252525252529B5252525252525252525252525252525252525252525252529B52525252525252525252525252525252525252525252529B4949494949494949494949494949494949494949494949494949494949494949494949494949494949494949494949494949494949494949494949
310
49494900494949494949494949494949494949494949494949494949494949494949494949494949494949494949494949494949494949494949494949495249494949499B499B5A525149A3525249529B49494949494952494949494949494949495249494949494949494949494952494949494949494949494949514949
310
49494949494949494952494949494949494949495149494949494949494949494952494949494949494949494949494949494949494949494949494949494949494949494949494949494949494949494949494949494949494949494949494900494949494949494949494949494949494949494949494949494949494949
310
49494949494949494949494949494949494949494949494949494949524949494949F7ED9B9B00A4499BA4A3F7AC52A449494949495249494949494949494949ACACA4494949494949494949495249494949494949494949A4F70749494949494949494949495249494949494949494949F707A44949494949494949494952
310
49494949494949494949494949494949494949494949494949494949494949494949494949494949494949494949494949494949494949494949494949490049494949494949494949494949494949494949494949494949494949494949494949494949494949494949494949494949494949494949494949524949494949
310
A4529B5252A44952525B5249A44949494949495249494949494949494949A49B5B494949494949494949495249494949494949494949525AA449494949494949494949495249494949494949494949A39B52494949494949494949495249494949494949494949494949494949494949494949494949494949494949494949
310
4949494949494949494949494949494949494949494949494949494900494949494949494949494949494949494949494949494949494949494949494949494949494949494949494949494949494949494949494949495B52525252525252525B529B9B9B9B9BA452525252525252529B5252525252525252525252525252
310
5252525252525252529B5252525252525252525252525252525252525252525252529B52525252525252525252525252525252525252525252529B4949494949494949494949494949494949494949494949494949494949494949494949494949494949494949494949494949494949494949494949494949004949494949
310
49494949494949494949494949494949494949494949494949494949494949494949494949494949494949494949494949494949495249494949494949A407A45BA49BA49B5B494949494949494952494949494949494949494949494949494949494949494952494949494949494949494949494949494949494949494949
310
52494949494949494949494949494949494949494949494952494949494949494949494949494949494949494949494949494949494949494949494949494949494949494949494949494949494949494949494949494900494949494949494949494949494949494949494949494949494949494949494949494949494949
310
4949494949494949494949494949494949494952494949494949499B5252A45A9B9B9B5149494949494949495249494949494949494949494949494949494949494949495249494949494949494949494949494949494949494949494952494949494949494949494949494949494949494949494952494949494949494949
310
49494949494949494949494949494949494949494949494949494949494949494949494949494949494949494949494949494949490049494949494949494949494949494949494949494949494949494949494949494949494949514949494949494949494949494949494949494949524952529B5151525B4952495B4951
310
499B499B5252515A494952494949494949495A9B49519B52529B4949494949494949524949494949494949495B51499B52524949494949494949495249494949494949494949524949494949494949494949495249494949494949494949494949494949494949494949494949494949494949494949494949494949494949
310
494949494949494949494949494949494949490049494949494949494949494949494949494949494949494949494949494949494949494949494949494949494949494949494949494949494949524951F75AF7F7F75252F7AC5BF7F749F7F75BA4A449F749495249494949494949A45207A45AA4A4074949494949494949
310
52494949494949494952F7A45BA4A3A449494949494949494952494949494949494949A3A4A4F749494949494949494949524949494949494949494949494949494949494949494949494949494949494949494949494949494949494949494949494949494949494949494949494949004949494949494949494949494949
310
49494949494949494949494949494949494949494949494949494949494949494949494949494949494949495249495B495B525A9B5BA4529B525149A4529B5252519B494952494949494949499B5AA352A45A5A9B4949494949494949524949494949494949499B9B5AA45B9B494949494949494949524949494949494949
310
49529B9BA34949494949494949494952494949494949494949494949494949494949494949494949494949494949494949494949494949494949494949494949494949494949494949494949494900494949494949494949494949494949494949494949494949494949494949494949494949494949494949494949494949
310
494949494949494949495B52525252525252525B529B5B5B9B9BA452525252525252529B52525252525252525252525252525252525252525252529B5252525252525252525252525252525252525252525252529B52525252525252525252525252525252525252525252529B494949494949494949494949494949494949
310
494949494949494949494949494949494949494949494949494949494949494949494949494949494949494900494949494949494949494949494949494949494949494949494949494949494949494949494949494949494949494949494949494949494949495249494949494949A407A45BA49BA49B5B49494949494949
310
49524949494949494949494949494949494949494949494949524949494949494949494949494949494949494949494949495249494949494949494949494949494949494949494949495249494949494949494949494949494949494949494949494949494949494949494949494949494949494949494949494949494949
310
49494949494949494949004949494949494949494949494949494949494949494949494949494949494949494949494949494949494949494949494949494949494949494952494949494949499B5252A45B9B9B9B514949494949494949524949494949494949494949494949494949494949494949524949494949494949
310
49494949494949494949494949494949524949494949494949494949494949494949494949494949524949494949494949494949494949494949494949494949494949494949494949494949494949494949494949494949494949494949494949494949494949004949494949494949494949494949494949494949494949
310
4949494949494949494949494949494949494949494949494949494949494949494949524952529B4949525A4952495A4951499B499B5252529B4949524949494949525B4951525251515249515B4949494949495249494949494949494949495A5149494949494949494949495249494949494949494951519B5249494949
310
49494949494952494949494949494949494949494949494949494949494949494949494949494949494949494949494949494949494949494949494949494949494949494900494949494949494949494949494949494949494949494949494949494949494949494949494949494949494949494949494949494949494949
310
49524951F75AF7F7F75252F7AC5BF7F751F7F79BA4A449A44949524949494949A4A4A4F7A4A4F7F55207F7F75249494949495249494949494949494949495AA449494949494949494949495249494949494949499BF7A3F7A4F549494949494949494952494949494949494949494949494949494949494949494949494949
310
494949494949494949494949494949494949494949494949494949494949494949494900494949494949494949494949494949494949494949494949494949494949494949494949494949494949494949494949494949494949494949495249495B495B525A9B5BA4529B525149A4529B5252529B4949524949494949529B
310
5B5B9B9B52529B51529B4949494949495249494949494949494949499B524949494949494949494949524949494949494949525A52A39BA34949494949494949495249494949494949494949494949494949494949494949494949494949494949494949494949494949494949494949494949494949494949494949494949
310
4900494949494949494949494949494949494949494949494949494949494949494949494949494949494949494949494949494949494949494949495B52525252525252525B529B5B5B9B9BA452525252525252529B52525252525252525252525252525252525252525252529B5252525252525252525252525252525252
310
525252525252529B52525252525252525252525252525252525252525252529B4949494949494949494949494949494949494949494949494949494949494949494949494949494949494949494949494949494949494949494949494949004949494949494949494949494949494949494949494949494949494949494949
310
49494949494949494949494949494949494949494949494949495249494949494949AC07A45BA49BA49B5B494949494949494952494949494949494949494949494949494949494949494952494949494949494949494949494949494949494949494949524949494949494949494949494949494949494949494949524949
310
49494949494949494949494949494949494949494949494949494949494949494949494949494949494949494949494949494949494949494949494900494949494949494949494949494949494949494949494949494949494949494949494949494949494949494949494949494949494949494949495249494949494949
310
9B5252A45A9B9B9B5149494949494949495249494949494949494949494949494949494949494949495249494949494949494949494949494949494949494949494952494949494949494949494949494949494949494949494952494949494949494949494949494949494949494949494949494949494949494949494949
310
4949494949494949494949494949494949494949494949494949004949494949494949494949494949494949494949494949494949494949494949494949494949494949494949494949494949494949494949494952495152525249519B4952499B4949499B499B5252495249495249494949494949515152525252515249
310
4949494949494952494949494949494949499B529B51494949494949494949495249494949494949494952515A5A5B4949494949494949495249494949494949494949494949494949494949494949494949494949494949494949494949494949494949494949494949494949494949494949494949490049494949494949
310
494949494949494949494949494949494949494949494949494949494949494949494949494949494949494949494949494949524951A49BA4F7075249F70751F70700F70749F7F749F749495249494949494949A4ACA3A4A4A4F70749494949494949495249494949494949494949F75B9BA4494949494949494949495249
310
4949494949494949F7F7A452F7494949494949494949524949494949494949494949494949494949494949494949494949494949494949494949494949494949494949494949494949494949494949494949494949004949494949494949494949494949494949494949494949494949494949494949494949494949494949
310
49494949494949494949494949494949495249495252525252A452A452A4525200A451A45252499B494952494949494949499B5B5B5A9B9B5252494949494949494952494949494949494949499B52A452494949494949494949495249494949494949495252529B5AA3494949494949494949524949494949494949494949
310
49494949494949494949494949494949494949494949494949494949494949494949494949494949494949494949494949494900494949494949494949494949494949494949494949494949494949494949494949494949494949494949494949494949494949494949494949495B52525252525252525B529B5B9B9B9BA4
310
52525252525252529B52525252525252525252525252525252525252525252529B5252525252525252525252525252525252525252525252529B52525252525252525252525252525252525252525252529B494949494949494949494949494949494949494949494949494949494949494949494949494949494949494949
310
494949494949494949494949494949494900494949494949494949494949494949494949494949494949494949494949494949494949494949494949494949494949494949494949494949495249494949494949A407A45BA49BA49B5B49494949494949495249494949494949494949494949494949494949494949495249
310
49494949494949494949494949494949494949494949495249494949494949494949494949494949494949494949495249494949494949494949494949494949494949494949494949494949494949494949494949494949494949494949494949494949494949494949494949490049494949494949494949494949494949
310
49494949494949494949494949494949494949494949494949494949494949494949494949494949494952494949494949499B5252A45B9B9B9B514949494949494949524949494949494949494949494949494949494949494949524949494949494949494949494949494949494949494949495249494949494949494949
310
49494949494949494949494949524949494949494949494949494949494949494949494949494949494949494949494949494949494949494949494949494949494949494949494949494949004949494949494949494949494949494949494949494949494949494949494949494949494949494949494949494949494949
310
4949494949494949524949515249519B519B9B4952529B525152529B514952494952494949494949495B519B51495B52A34949494949494949524949494949494949494951525149494949494949494949495249494949494949494951A3495249494949494949494949524949494949494949494949494949494949494949
310
4949494949494949494949494949494949494949494949494949494949494949494949494949494949490049494949494949494949494949494949494949494949494949494949494949494949494949494949494949494949494949494949494949494949524949F5A4F7ED9BA451A449A3ACA4A3079BF75AF70751494952
310
49494949494949A4F75AF79BA4F752A449494949494949524949494949494949494952ACF6494949494949494949494952494949494949494949A35BA4F74949494949494949494952494949494949494949494949494949494949494949494949494949494949494949494949494949494949494949494949494949494949
310
494949494949494900494949494949494949494949494949494949494949494949494949494949494949494949494949494949494949494949494949494949494949495249495A495252A45249A4495B5A9B9B495B5AA352A349494952494949494949499B52A4529B9B5AA449494949494949495249494949494949494949
310
525B52494949494949494949494952494949494949494949529B5A9B494949494949494949495249494949494949494949494949494949494949494949494949494949494949494949494949494949494949494949494949494949494949494949494949490049494949494949494949494949494949494949494949494949
310
4949494949494949494949494949494949494949494949494949494949494949495B525252525252525BA452A49B9BA3A3F752525252525252529B52525252525252525252525252525252525252525252529B5252525252525252525252525252525252525252525252529B52525252525252525252525252525252525252
310
525252529B4949494949494949494949494949494949494949494949494949494949494949494949494949494949494949494949494949494949494949494949494949004949494949494949494949494949494949494949494949494949494949494949494949494949494949494949494949494949494949494949494952
310
49494949494949F707A452A49BA45B52494949494949494952494949494949494949494949494949494949494949494952494949494949494949494949494949494949494949494949524949494949494949494949494949494949494949494949524949494949494949494949494949494949494949494949494949494949
310
49494949494949494949494949494949494949494949494949494949494949494900494949494949494949494949494949494949494949494949494949494949494949494949494949494949494949494949494949494949494949495249494949494949525251A4525B5A5B49494949494949494952494949494949494949
310
49494949494949494949494949495249494949494949494949494949494949494949494949494952494949494949494949494949494949494949494949494952494949494949494949494949494949494949494949494949494949494949494949494949494949494949494949494949494949494949494949494949494900
310
494949494949494949494949494949494949494949494949494949494949494949494949495149494949494949494949494949494949494949495249499B5249529B9B529B005B519B52515A519B51495249495249494949494949515B9B519B52525249494949494949495249494949494949494949495252494949494949
310
4949494949524949494949494952524952499B529B49494949494949495249494949494949494949494949494949494949494949494949494949494949494949494949494949494949494949494949494949494949494949494949490049494949494949494949494949494949494949494949494949494949494949494949
310
494949494949494949494949494949494949494949494949524949A4ACA4A452F7A3525AA4A4A4A3079BA45AF70751494952494949494949499BA49BA49B07A4F74949494949494949524949494949494949494949A4A44949494949494949494949524949494949494952ACF5F7F752A49BA3494949494949495249494949
310
494949494949494949494949494949494949494949494949494949494949494949494949494949494949494949494949494949494949494949490049494949494949494949494949494949494949494949494949494949494949494949494949494949494949494949494949494949494949494949524949A452A39B52A352
310
A4009B529B9B519B52A352A34949495249494949494949529B9B5A519B5B9B49494949494949495249494949494949494949499B5A494949494949494949494952494949494949495B529B5B9B9B52A45149494949494949524949494949494949494949494949494949494949494949494949494949494949494949494949
310
49494949494949494949494949494949494949494949494900494949494949494949494949494949494949494949494949494949494949494949494949494949494949494949494949494949494949494949495B5252525252525252525252525252525252525252525252529B525252525252525252525252525252525252
310
52525252529B5252525252525252525252525252525252525252525252529B52525252525252525252525252525252525252525252529B494949494949494949494949494949494949494949494949494949494949494949494949494949494949494949494949494949494949494949494949494900494949494949494949
310
4949494949494949494949494949494949494949494949494949494949494949494949494949494949494949494949494952A49BA4A4A4A49B52A49B5AA4A4525AA4A4A4A3A4A452F7495249494949495AA49B9BA39BA49BA451A4A44949494949495249494949494949494949529BAC494949494949494949494952494949
310
494949494949529BA4A4494949494949494949495249494949494949494949494949494949494949494949494949494949494949494949494949494949494949494949494949494949494949494949494949490049494949494949494949494949494949494949494949494949494949494949494949494949494949494949
310
494949494949494949494949494949529B5AA45AA4A4A45AA4A4F75B9B00A49BF7A4A4A4F7A45B495249494949495B08A407A4A30752F7A407A4494949494949524949494949494949494952F707004949494949494949494952494949494949494949A4F7EDA45B4949494949494949495249494949494949494949494949
310
4949494949494949494949494949494949494949494949494949494949494949494949494949494949494949494949494900494949494949494949494949494949494949494949494949494949494949494949494949494949494949494949494949494949494949494949495B525252525252525252525252525252525152
310
5252525252529B52525252525252525252525252525252525252525252529B5252525252525252525252525252525252525252525252529B52525252525252525252525252525252525252525252529B4949494949494949494949494949494949494949494949494949494949494949494949494949494949494949494949
310
4949494949494949494949494949490049494949494949494949494949494949494949494949494949494949494949494949494949494949494949494949494949494949494949494949529B9BF79BA49BA4A3525B9B9B525B52A4A4A4A3A39B52AC4952494949494949494949494949494949494949494949494952494949
310
49494949494949494949494949494949494949494952494949494949494949494949494949494949494949494952494949494949494949494949494949494949494949494949494949494949494949494949494949494949494949494949494949494949494949494949494900494949494949494949494949494949494949
310
4949494949494949494949494949494949494949494949494949494949494949494949494949494952A4EDF7A307A45A075207A4A408A3A4A3F5A4F7A4F7A49B495249494949494949494949494949494949494949494949495249494949494949494949494949494949494949494949494952494949494949494949494949
310
49494949494949494949495249494949494949494949494949494949494949494949494949494949494949494949494949494949494949494949494949494949494949494949494949490049494949494949494949494949494949494949494949494949494949494949494949494949494949494949494949494949494949
310
4949494949495249494949494949004900000000494949004949494949494952494949494949494949494949494949494949494949494952494949494949494949494949495B514949494949494949495249494949494949494949494949494949494949494949495249494949494949494949494949494949494949494949
310
494949494949494949494949494949494949494949494949494949494949494949494949494949490049494949494949494949494949494949494949494949494949494949494949494949494949494949494949494949494949494949494949494949524949494949499B9BA452F59BA49B9B9B9B49494949494949524949
310
49499B5BA4A4A4A449A4F79BF79B9BA4494949494952494949494949494949A4A4A4A4A4A44949494949494949495249494949494949A49BA4A4A49BF75A4949494949494949524949494949494949494949494949494949494949494949494949494949494949494949494949494949494949494949494949494949494949
310
494949494949004949494949494949494949494949494949494949494949494949494949494949494949494949494949494949494949494949494949494949494952494949494949A307F7A4A4ACA4A4F7A4F74949494949494952494949499B07A4A45B9BEDA49BA4F7F7F7F7484949494952494949494949494949F752A4
310
079B5B49494949494949494952494949494949499BA4F7079BA4F7ED5B4949494949494952494949494949494949494949494949494949494949494949494949494949494949494949494949494949494949494949494949494949494949494949494900494949494949494949494949494949494949494949494949494949
310
494949494949494949494949494949494949494949494949494949494949495B5252525252525252525252525252525252525252525252529B52525252525252525252525252525252525252525252529B5252525252525252525252525252525252525252525252529B525252525252525252525252525252525252525252
310
52529B49494949494949494949494949494949494949494949494949494949494949494949494949494949494949494949494949494949494949494949494949490049494949494949494949494949494949494949494949494949494949494949494949494949494949494949494949494949494949494949494949524949
310
525A495152495149515149494949495A515252529B495249494949494952524952525252525152494949494949495249494949494949494949495B5149494949494949494949495249494949494949494952494949494949494949494949495249494949494949494949494949494949494949494949494949494949494949
310
49494949494949494949494949494949494949494949494949494949494949004949494949494949494949494949494949494949494949494949494949494949494949494949494949494949494949494949494949494949494952A4ED075207A4520849A4A4A4F79B9BF50752F7A3A45BA34952494949494949A49BA49B9B
310
F79BF7A3F752494949494949524949494949494949A4F7A4A4A4F7ED9B494949494949494952494949494949495207A4ACEDA4F7F74949494949494949524949494949494949494949494949494949494949494949494949494949494949494949494949494949494949494949494949494949494949494949494949004949
310
4949494949494949494949494949494949494949494949494949494949494949494949494949494949494949494949494949494949494949525A5B9BA45B5B9B5B52A45B5BA3525A499BA45A9B9B5B5249524949494949495252499B9BA39B9B5BA449494949494949524949494949494949529B5B9B9B9B52524949494949
310
494949524949494949494951A49B52A39B5B52494949494949494952494949494949494949494949494949494949494949494949494949494949494949494949494949494949494949494949494949494949494949494949494900494949494949494949494949494949494949494949494949494949494949494949494949
310
494949494949494949494949494949494949494949495B5252525252525252525252525252525252525252525252529B52525252525252525252525252525252525252525252529B5252525252525252525252525252525252525252525252529B52525252525252525252525252525252525252525252529B494949494949
310
494949494949494949494949494949494949494949494949494949494949494949494949494949494949494949494949494949494949494900494949494949494949494949494949494949494949494949494949494949494949494949494949494949494949494949494949494949494949495249495AA49BA452A4A452A3
310
5252A45B5B5A52A49BA4494949524949494949494949495AA49B9B4949494949494949494952494949494949494949495B00F749494949494949494949495249494949495B9B529BA39B525BA4A49B5B4949494949495249494949494949494949494949494949494949494949494949494949494949494949494949494949
310
4949494949494949494949494949494949494949494900494949494949494949494949494949494949494949494949494949494949494949494949494949494949494949494949494949494949494949495249499BA3A4A4F7A49BA407A3A4A49BF69BF7A4A4A449494952494949494949494949A4F7A45B49494949494949
310
4949495249494949494949494949A4A40700494949494949494949495249494949499BF7F7F7A4F707F707A4A407494949494949524949494949494949494949494949494949494949494949494949494949494949494949494949494949494949494949494949494949494949494949494949004949494949494949494949
310
49494949494949494949494949494949494949494949494949494949494949494949494949494949494949494949495B5252525252525252525252525252525252525252525252529B52525252525252525252525252525252525252525252529B5252525252525252525252525252525252525252525252529B5252525252
310
5252525252525252525252525252525252529B494949494949494949494949494949494949494949494949494949494949494949494949494949494949494949494949494949494949494949494949494900494949494949494949494949494949494949494949494949494949494949494949494949494949494949494949
310
49494949494949494949494949524949494949495249494949494951494949494949494949495249494949494949494952494951494949494949494949495249494949494949494949494949494949494949494949494952494949494949494949494952524949494949494949494952494949494949494949494949494949
310
49494949494949494949494949494949494949494949494949494949494949494949494949494949494949494949490049494949494949494949494949494949494949494949494949494949494949494949494949494949494949494949494949494949494949494949524949494949A45BF7A4ACA4EDA45AACA49B524949
310
4949494952494949494949494949A49BF7AC52494949494949494949524949494949494949495B07A408F74949494949494949494952494949494949494949F7F7F7A49B4949494949494949495249494949494949494949494949494949494949494949494949494949494949494949494949494949494949494949494949
310
49494949494949494949494949004949494949494949494949494949494949494949494949494949494949494949494949494949494949494949494949494949494949494949494952494949494952A45251A4529B5B9B9BA49B5A494949494949524949494949494949499B9B9BA449494949494949494949524949494949
310
4949494949A39B9B9B49494949494949494949524949494949494949529B5B9B9B9B494949494949494949524949494949494949494949494949494949494949494949494949494949494949494949494949494949494949494949494949494949494949494949494949004949494949494949494949494949494949494949
310
49494949494949494949494949494949494949494949494949494949494949494949494949495B5252525252525252525252525252525252525252525252529B52525252525252525252525252525252525252525252529B5252525252525252525252525252525252525252525252529B5252525252525252525252525252
310
5252525252525252529B494949494949494949494949494949494949494949494949494949494949494949494949494949494949494949494949494949494949494949494949494900494949494949494949494949494949494949494949494949494949494949494949494949494949494949494949494949494949494949
310
494949495249A45BA45B9B5A51A45BA49B9B525B529B9B9BA49B9B524952494949494949499B5BA49B0052A49B52494949494949495249494949494949529B9B9B5252529B9B49494949494949495249494949494949494949525A494949494949494949494952494949494949494949494949494949494949494949494949
310
494949494949494949494949494949494949494949494949494949494949494949494949494900494949494949494949494949494949494949494949494949494949494949494949494949495149494949494949494949494949494949494949495252A4A452F7A4F7A49B07A4F7ACF7F79BF79BA4F7F7F79B495249494949
310
494949A49B9BACF7F79B074849494949494949524949494949494949079B0008F7F79BA349494949494949495249494949494949494949A40849494949494949494949495249494949494949494949494949494949494949494949494949494949494949494949494949494949494949494949494949494949494949494949
310
4949494900494949494949494949494949494949494949494949494949494949494949494949494949494949494949494949494949494949494949494949495B525A525252525A525A5252525A5252525252525252525A529B52525252525252525252525252525252525252525252529B5252525252525252525252525252
310
525252525252525252529B52525252525252525252525252525252525252525252529B4949494949494949494949494949494949494949494949494949494949494949494949494949494949494949494949494949494949494949494949494949004949494949494949494949494949494949494949494949494949494949
310
494949494949494949494949494949494949494949494949494949494952494949494949499B499B5252494949A3494949494949494952494949494949499B515151529B9B0052494949494949495249494949494949529B5149529B5A52514949494949494949524949494949494949494951494949494949494949494949
310
52494949494949494949494949494949494949494949494949494949494949494949494949494949494949494949494949494949494949494949494949494900494949494949494949494949494949494949494949494949494949494949494949494949494949494949494949494949494949494949494949495249494949
310
4949499BF74907A49BF7F7519B494949494949495249494949494949A49BACAC52A3A407A44949494949494952494949494949495BA4A451F55B5BACF649494949494949495249494949494949494949A3ED494949494949494949494952494949494949494949494949494949494949494949494949494949494949494949
310
4949494949494949494949494949494949494949494949494949494949004949494949494949494949494949494949494949494949494949494949494949494949494949494949494949494949494949494949494949494952494949494949494952A4525A515251A4494949494949494952494949494949499B5B5252529B
310
A34952494949494949495249494949494949529B5252529B5B525249494949494949495249494949494949494949529B49494949494949494949495249494949494949494949494949494949494949494949494949494949494949494949494949494949494949494949494949494949494949494949494949490049494949
310
4949494949494949494949494949494949494949494949494949494949494949494949494949494949494949494949494949494949495B5252525252525252525252525252525252525252525252529B52525252525252525252525252525252525252525252529B5252525252525252525252525252525252525252525252
310
529B52525252525252525252525252525252525252525252529B4949494949494949494949494949494949494949494949494949494949494949494949494949494949494949494949494949494949494949494949494949004949494949494949494949494949494949494949494949494949494949494949494949494949
310
4949494949494949494949494949494949494949524949494949494949494949494949494949494949494949495249494949495BF79B49F75252F79BF75B9B52494949494952494949494949F7525AA3A49BA45207A452A44949494949495249494949499BA49B49F7529BA49BF752A45B4949494949524949494949494949
310
49494949494949494949494949494949494949494949494949494949494949494949494949494949494949494949494949494949494900494949494949494949494949494949494949494949494949494949494949494949494949494949494949494949494949494949494949494949495249494949494949494949494949
310
4949494949494949494949524949494949A3A4A39BED9BA407AC9B5BA451494949494952494949494949079B9BAC9BF7F79BA4A452A4494949494949524949494949A4A3A49BF79BACF7A49B52A452494949494952494949494949494949494949494949494949494949494949494949494949494949494949494949494949
310
494949494949494949494949494949494949494900494949494949494949494949494949494949494949494949494949494949494949494949494949494949494949494949494949494949494949495B5252525252525252525252525252525252525252525252529B52525252525252525252525252525252525252525252
310
529B5252525252525252525252525252525252525252525252529B52525252525252525252525252525252525252525252529B49494949494949494949494949494949494949494949494949494949494949494949494949494949494949494949494949494949494949494949494949490049494949494949494949494949
310
49494949494949494949494949494949494949494949494949494949494949494949494949494949494949494952494949494949494949494949494949494949494949494949494949494949494949494949494949494949494949494949494949494949494949494949494949494949494949494949494949494949494949
310
49494949494949494949494949494949524949494949494949494949494949494949494949494949494949494949494949494949494949494949494949494949494949494949494949494949494949004949494949494949494949494949494949494949494949494949494949494949494949494949494949494949494949
310
49494949494949494949495249494949494949494949494949494949494949494949494949494949494949494949494949494949494949494949494949494949494949494949494949494949494949494949494949494949494949494949494949494949494949494949494949524949494949494949494949494949494949
310
49494949494949494949494949494949494949494949494949494949494949494949494949494949494949494900494949494949494949494949494949494949494949494949494949494949494949494949494949494949494949494949494949494949494949495249494949494949494949494949494949494949494949
310
49494949494949494949494949494949494949494949494949494949494949494949494949494949494949494949494949494949494949494949494949494949494949494949494949494952494949494949494949494949494949494949494949494949494949494949494949494949494949494949494949494949494949
310
49494949494949494949490049494949494949494949494949494949494949494949494949494949494949494949494949494949494949494949494949494949494949494949524949494949494949494949494949494949494949494949494949494949494949494949494949494949494949494949494949494949494949
310
49494949494949494949494949494949494949494949494949494949494949494949494949494949495249494949494949494949494949494949494949494949494949494949494949494949494949494949494949494949494949494949494949494949494949490049494949494949494949494949494949494949494949
310
49494949494949494949494949494949494949494949494949494949494949494949494952525252525252525252525252525252525252525252525252525252525252525252525252525252525252525252525252525252525252525252525252525252525252525252525252525252525252525252525252525252525252
310
52525252525252524949494949494949494949494949494949494949494949494949494949494949494949494949494949494949494949494949494949494949494949494949004949494949494949494949494949494949494949494949494949494949494949494949494949494949494949494949494949494949494949
310
49494949494949494949494949494949494949494949494949494949494949494949494949494949494949494949494949494949494949494949494949494949494949494949494949494949494949494949494949494949494949494949494949494949494949494949494949494949494949494949494949494949494949
310
49494949494949494949494949494949494949494949494949494949494949494949494900494949494949494949494949494949494949494949494949494949494949494949494949494949494949494949494949494949494949494949494949494949494949494949494949494949494949494949494949494949494949
310
49494949494949494949494949494949494949494949494949494949494949494949494949494949494949494949494949494949494949494949494949494949494949494949494949494949494949494949494949494949494949494949494949494949494949494949494949494949494949494949494949494949494949
310
49490049494949494949494949494949494949494949494949494949494949494949494949494949494949494949494949494949494949494949494949494949494949494949494949494949494949494949494949494949494949494949494949494949494949494949494949494949494949494949494949494949494949
310
49494949494949494949494949494949494949494949494949494949494949494949494949494949494949494949494949494949494949494949494949494949494949494949494949494949494949494949494949494949494949494949490049494949494949494949494949494949494949494949494949494949494949
310
49494949494949494949494949494949494949494949494949494949494949494949494949494949494949494949494949494949494949494949494949494949494949494949494949494949494949494949494949494949494949494949494949494949494949494949494949494949494949494949494949494949494949
310
4949494949494949494949494949494949494949494949494949494949494949494949494949494949494949494949494949494949494949494949494900
  0
ENDSEC
  0
EOF
